,x,Actual,Pred
0,1,1.1205764600151635,2.5700000000000003
1,2,1.1212689667343598,2.5700000000000003
2,3,1.1218833566609152,2.5700000000000003
3,4,1.1224199935200176,2.5700000000000003
4,5,1.122879272117608,2.5700000000000003
5,6,1.123261618182054,2.5700000000000003
6,7,1.1235674881934592,2.5700000000000003
7,8,1.1237973692006662,2.5700000000000003
8,9,1.1239517786260398,2.5700000000000003
9,10,1.1240312640580945,2.5700000000000003
10,11,1.1240364030320602,2.5700000000000003
11,12,1.1239678027984676,2.5700000000000003
12,13,1.1238261000798495,2.5700000000000003
13,14,1.1236119608156518,2.5700000000000003
14,15,1.1233260798954594,2.5700000000000003
15,16,1.1229691808806421,2.5700000000000003
16,17,1.1225420157145318,2.5700000000000003
17,18,1.1220453644212491,2.5700000000000003
18,19,1.1214800347932954,2.5700000000000003
19,20,1.120846862068038,2.5700000000000003
20,21,1.1201467085932215,2.5700000000000003
21,22,1.119380463481631,2.5700000000000003
22,23,1.1185490422550517,2.5700000000000003
23,24,1.1176533864776643,2.5700000000000003
24,25,1.116694463379026,2.5700000000000003
25,26,1.1156732654667838,2.5700000000000003
26,27,1.1145908101292743,2.5700000000000003
27,28,1.1134481392281794,2.5700000000000003
28,29,1.112246318681384,2.5700000000000003
29,30,1.1109864380362175,2.5700000000000003
30,31,1.1096696100332424,2.5700000000000003
31,32,1.1082969701607641,2.5700000000000003
32,33,1.106869676200244,2.5700000000000003
33,34,1.1053889077627963,2.5700000000000003
34,35,1.1038558658169495,2.5700000000000003
35,36,1.1022717722078692,2.5700000000000003
36,37,1.1006378691682288,2.5700000000000003
37,38,1.0989554188209254,2.5700000000000003
38,39,1.0972257026738403,2.5700000000000003
39,40,1.0954500211068459,2.5700000000000003
40,41,1.093629692851264,2.5700000000000003
41,42,1.0917660544619816,2.5700000000000003
42,43,1.0898604597824428,2.5700000000000003
43,44,1.0879142794027201,2.5700000000000003
44,45,1.0859289001108887,2.5700000000000003
45,46,1.083905724337925,2.6399999999999997
46,47,1.0818461695963446,2.6399999999999997
47,48,1.0797516679128074,2.6399999999999997
48,49,1.0776236652549214,2.6399999999999997
49,50,1.0754636209524662,2.6399999999999997
50,51,1.0732730071132743,2.6399999999999997
51,52,1.0710533080339997,2.6399999999999997
52,53,1.0688060196060123,2.6399999999999997
53,54,1.0665326487166549,2.6399999999999997
54,55,1.0642347126460991,2.6399999999999997
55,56,1.0619137384600494,2.6399999999999997
56,57,1.059571262398528,2.6399999999999997
57,58,1.0572088292609934,2.6399999999999997
58,59,1.0548279917880328,2.6399999999999997
59,60,1.052430310039882,2.6399999999999997
60,61,1.0500173507720127,2.6399999999999997
61,62,1.0475906868080458,2.6399999999999997
62,63,1.045151896410235,2.6399999999999997
63,64,1.042702562647778,2.6399999999999997
64,65,1.040244272763199,2.6399999999999997
65,66,1.037778617537071,2.6399999999999997
66,67,1.0353071906513136,2.6399999999999997
67,68,1.0328315880513381,2.6399999999999997
68,69,1.0303534073072804,2.6399999999999997
69,70,1.0278742469745914,2.6399999999999997
70,71,1.0253957059542256,2.6399999999999997
71,72,1.022919382852698,2.6399999999999997
72,73,1.0204468753422538,2.6399999999999997
73,74,1.0179797795214165,2.6399999999999997
74,75,1.0155196892761618,2.6399999999999997
75,76,1.0130681956419767,2.6399999999999997
76,77,1.0106268861670624,2.6399999999999997
77,78,1.0081973442769276,2.6399999999999997
78,79,1.005781148640634,2.6399999999999997
79,80,1.003379872538942,2.6399999999999997
80,81,1.0009950832346135,2.6399999999999997
81,82,0.9986283413451214,2.6399999999999997
82,83,0.9962812002180166,2.6399999999999997
83,84,0.9939552053092034,2.6399999999999997
84,85,0.9916518935643704,2.6399999999999997
85,86,0.989372792803828,2.6399999999999997
86,87,0.9871194211109924,2.6399999999999997
87,88,0.9848932862247676,2.6399999999999997
88,89,0.9826958849360624,2.6399999999999997
89,90,0.9805287024886892,2.6399999999999997
90,91,0.9783932119848776,2.6399999999999997
91,92,0.9762908737956492,2.6399999999999997
92,93,0.9742231349762818,2.6399999999999997
93,94,0.9721914286870988,2.6399999999999997
94,95,0.9701971736198204,2.6399999999999997
95,96,0.9682417734296982,2.6399999999999997
96,97,0.9663266161736656,2.6399999999999997
97,98,0.9644530737547282,2.6399999999999997
98,99,0.9626225013728142,2.6399999999999997
99,100,0.9608362369823068,2.6399999999999997
100,101,0.9590956007564742,2.6399999999999997
101,102,0.9574018945590108,2.6399999999999997
102,103,0.955756401422906,2.6399999999999997
103,104,0.9541603850368391,2.6399999999999997
104,105,0.9526150892393151,2.6399999999999997
105,106,0.9511217375207429,2.6399999999999997
106,107,0.9496815325336464,2.6399999999999997
107,108,0.9482956556112144,2.6399999999999997
108,109,0.9469652662943786,2.6399999999999997
109,110,0.945691501867606,2.6399999999999997
110,111,0.9444754769035941,2.6399999999999997
111,112,0.943318282817052,2.6399999999999997
112,113,0.9422209874277429,2.6399999999999997
113,114,0.9411846345329644,2.6399999999999997
114,115,0.9402102434896388,2.6399999999999997
115,116,0.939298808806178,2.6399999999999997
116,117,0.9384512997442868,2.6399999999999997
117,118,0.9376686599308678,2.6399999999999997
118,119,0.9369518069801754,2.6399999999999997
119,120,0.9363016321263792,2.6399999999999997
120,121,0.9357189998666746,2.6399999999999997
121,122,0.9352047476150914,2.6399999999999997
122,123,0.9347596853671344,2.6399999999999997
123,124,0.9343845953753892,2.6399999999999997
124,125,0.9340802318362276,2.6399999999999997
125,126,0.9338473205877332,2.6399999999999997
126,127,0.9336865588189718,2.6399999999999997
127,128,0.9335986147907174,2.6399999999999997
128,129,0.9335841275677548,2.6399999999999997
129,130,0.9336437067628546,2.6399999999999997
130,131,0.9337779322925328,2.6399999999999997
131,132,0.9339873541446866,2.6399999999999997
132,133,0.9342724921582002,2.6399999999999997
133,134,0.9346338358146136,2.6399999999999997
134,135,0.9350718440419288,2.6399999999999997
135,136,0.9355869450306432,2.6399999999999997
136,137,0.9361795360620718,2.6399999999999997
137,138,0.9368499833490352,2.6399999999999997
138,139,0.9375986218889758,2.6399999999999997
139,140,0.9384257553295584,2.6399999999999997
140,141,0.9393316558468096,2.6399999999999997
141,142,0.9403165640358476,2.6399999999999997
142,143,0.9413806888142412,2.6399999999999997
143,144,0.942524207338043,2.6399999999999997
144,145,0.9437472649305229,2.6399999999999997
145,146,0.945049975023638,2.6399999999999997
146,147,0.946432419112255,2.6399999999999997
147,148,0.9478946467211504,2.6399999999999997
148,149,0.9494366753847971,2.6399999999999997
149,150,0.951058490639945,2.6399999999999997
150,151,0.9527600460310032,2.6399999999999997
151,152,0.9545412631282164,2.6399999999999997
152,153,0.9564020315586332,2.6399999999999997
153,154,0.9583422090498478,2.6399999999999997
154,155,0.9603616214865036,2.6399999999999997
155,156,0.9624600629795332,2.6399999999999997
156,157,0.964637295948108,2.6399999999999997
157,158,0.9668930512142616,2.6399999999999997
158,159,0.9692270281101544,2.6399999999999997
159,160,0.9716388945979341,2.6399999999999997
160,161,0.9741282874021396,2.6399999999999997
161,162,0.9766948121546062,2.6399999999999997
162,163,0.9793380435518,2.6399999999999997
163,164,0.9820575255245342,2.6399999999999997
164,165,0.9848527714199828,2.6399999999999997
165,166,0.9877232641959344,2.6399999999999997
166,167,0.9906684566271976,2.6399999999999997
167,168,0.9936877715240804,2.6399999999999997
168,169,0.9967806019628558,2.6399999999999997
169,170,0.9999463115281176,2.6399999999999997
170,171,1.0031842345669375,2.6399999999999997
171,172,1.006493676454711,2.6399999999999997
172,173,1.0098739138725974,2.6399999999999997
173,174,1.0133241950964331,2.6399999999999997
174,175,1.0168437402970083,2.6399999999999997
175,176,1.0204317418515854,2.6399999999999997
176,177,1.0240873646665327,2.6399999999999997
177,178,1.027809746510951,2.6399999999999997
178,179,1.0315979983611476,2.6399999999999997
179,180,1.0354512047558335,2.6399999999999997
180,181,1.0393684241618928,2.6399999999999997
181,182,1.043348689350578,2.6399999999999997
182,183,1.0473910077839894,2.6399999999999997
183,184,1.051494362011672,2.6399999999999997
184,185,1.0556577100771791,2.6399999999999997
185,186,1.059879985934441,2.6399999999999997
186,187,1.0641600998737624,2.6399999999999997
187,188,1.0684969389572934,2.6399999999999997
188,189,1.072889367463785,2.6399999999999997
189,190,1.0773362273424596,2.6399999999999997
190,191,1.0818363386758159,2.6399999999999997
191,192,1.0863885001511755,2.6399999999999997
192,193,1.0909914895407906,2.6399999999999997
193,194,1.0956440641903158,2.6399999999999997
194,195,1.1003449615154528,2.6399999999999997
195,196,1.1050928995065636,2.6399999999999997
196,197,1.109886577241055,2.6399999999999997
197,198,1.1147246754033306,2.6399999999999997
198,199,1.119605856812094,2.6399999999999997
199,200,1.1245287669548047,2.6399999999999997
200,201,1.129492034529061,2.6399999999999997
201,202,1.1344942719907023,2.6399999999999997
202,203,1.139534076108406,2.6399999999999997
203,204,1.144610028524559,2.5700000000000003
204,205,1.1497206963221822,2.5700000000000003
205,206,1.1548646325976732,2.5700000000000003
206,207,1.1600403770391503,2.5700000000000003
207,208,1.1652464565101552,2.5700000000000003
208,209,1.1704813856384848,2.5700000000000003
209,210,1.1757436674099222,2.5700000000000003
210,211,1.1810317937666173,2.5700000000000003
211,212,1.1863442462098923,2.5700000000000003
212,213,1.191679496407218,2.5700000000000003
213,214,1.1970360068031234,2.5700000000000003
214,215,1.202412231233801,2.5700000000000003
215,216,1.2078066155451457,2.5700000000000003
216,217,1.2132175982139988,2.5700000000000003
217,218,1.2186436109723324,2.5700000000000003
218,219,1.2240830794341369,2.5700000000000003
219,220,1.2295344237247527,2.5700000000000003
220,221,1.2349960591123994,2.5700000000000003
221,222,1.2404663966416445,2.5700000000000003
222,223,1.2459438437685664,2.5700000000000003
223,224,1.2514268049973485,2.5700000000000003
224,225,1.2569136825180565,2.5700000000000003
225,226,1.2624028768453401,2.5700000000000003
226,227,1.2678927874578056,2.5700000000000003
227,228,1.2733818134378048,2.5700000000000003
228,229,1.2788683541113757,2.5700000000000003
229,230,1.284350809688096,2.5700000000000003
230,231,1.2898275819005744,2.5700000000000003
231,232,1.2952970746433377,2.5700000000000003
232,233,1.3007576946108503,2.5700000000000003
233,234,1.306207851934418,2.5700000000000003
234,235,1.3116459608177105,2.5700000000000003
235,236,1.3170704401706632,2.5700000000000003
236,237,1.322479714241488,2.5700000000000003
237,238,1.327872213246558,2.6399999999999997
238,239,1.3332463739978968,2.6399999999999997
239,240,1.3386006405280353,2.6399999999999997
240,241,1.3439334647119774,2.6399999999999997
241,242,1.3492433068860303,2.6399999999999997
242,243,1.3545286364632505,2.6399999999999997
243,244,1.3597879325452582,2.6399999999999997
244,245,1.3650196845301776,2.6399999999999997
245,246,1.3702223927164592,2.6399999999999997
246,247,1.3753945689023388,2.6399999999999997
247,248,1.3805347369807028,2.6399999999999997
248,249,1.3856414335291094,2.6399999999999997
249,250,1.3907132083947404,2.6399999999999997
250,251,1.395748625274046,2.6399999999999997
251,252,1.4007462622868434,2.6399999999999997
252,253,1.4057047125446578,2.6399999999999997
253,254,1.410622584713054,2.6399999999999997
254,255,1.4154985035677587,2.6399999999999997
255,256,1.4203311105443288,2.6399999999999997
256,257,1.4251190642811644,2.6399999999999997
257,258,1.4298610411556336,2.6399999999999997
258,259,1.4345557358131096,2.6399999999999997
259,260,1.4392018616886937,2.6399999999999997
260,261,1.4437981515214269,2.6399999999999997
261,262,1.4483433578607805,2.6399999999999997
262,263,1.4528362535652204,2.6399999999999997
263,264,1.4572756322926508,2.6399999999999997
264,265,1.461660308982535,2.6399999999999997
265,266,1.4659891203295077,2.6399999999999997
266,267,1.4702609252482832,2.6399999999999997
267,268,1.4744746053296778,2.6399999999999997
268,269,1.4786290652875598,2.6399999999999997
269,270,1.4827232333965517,2.6399999999999997
270,271,1.48675606192031,2.6399999999999997
271,272,1.4907265275302068,2.6399999999999997
272,273,1.4946336317142532,2.6399999999999997
273,274,1.4984764011760887,2.6399999999999997
274,275,1.5022538882238947,2.6399999999999997
275,276,1.5059651711490585,2.6399999999999997
276,277,1.5096093545944491,2.6399999999999997
277,278,1.5131855699121497,2.6399999999999997
278,279,1.5166929755105092,2.6399999999999997
279,280,1.5201307571903726,2.6399999999999997
280,281,1.523498128470349,2.6399999999999997
281,282,1.5267943309010026,2.6399999999999997
282,283,1.53001863436782,2.6399999999999997
283,284,1.533170337382854,2.6399999999999997
284,285,1.5362487673649126,2.6399999999999997
285,286,1.5392532809081836,2.6399999999999997
286,287,1.5421832640391953,2.6399999999999997
287,288,1.5450381324619993,2.6399999999999997
288,289,1.5478173317914865,2.6399999999999997
289,290,1.5505203377747372,2.6399999999999997
290,291,1.5531466565003185,2.6399999999999997
291,292,1.5556958245954482,2.6399999999999997
292,293,1.5581674094109408,2.6399999999999997
293,294,1.5605610091938664,2.6399999999999997
294,295,1.5628762532478495,2.6399999999999997
295,296,1.56511280208095,2.6399999999999997
296,297,1.5672703475410563,2.6399999999999997
297,298,1.5693486129387495,2.6399999999999997
298,299,1.5713473531575797,2.6399999999999997
299,300,1.5732663547517118,2.6399999999999997
300,301,1.5751054360309114,2.6399999999999997
301,302,1.5768644471328153,2.6399999999999997
302,303,1.5785432700824873,2.6399999999999997
303,304,1.5801418188392076,2.6399999999999997
304,305,1.5816600393304932,2.6399999999999997
305,306,1.5830979094733333,2.6399999999999997
306,307,1.5844554391826258,2.6399999999999997
307,308,1.5857326703668182,2.6399999999999997
308,309,1.5869296769107493,2.6399999999999997
309,310,1.5880465646457027,2.6399999999999997
310,311,1.589083471306681,2.6399999999999997
311,312,1.5900405664769195,2.6399999999999997
312,313,1.5909180515196604,2.6399999999999997
313,314,1.5917161594972182,2.6399999999999997
314,315,1.5924351550773608,2.6399999999999997
315,316,1.5930753344270543,2.6399999999999997
316,317,1.5936370250936065,2.6399999999999997
317,318,1.5941205858732574,2.6399999999999997
318,319,1.5945264066672715,2.6399999999999997
319,320,1.5948549083255918,2.6399999999999997
320,321,1.5951065424781081,2.6399999999999997
321,322,1.5952817913536204,2.6399999999999997
322,323,1.5953811675865597,2.6399999999999997
323,324,1.5954052140115471,2.6399999999999997
324,325,1.5953545034458767,2.6399999999999997
325,326,1.5952296384599998,2.6399999999999997
326,327,1.5950312511361135,2.6399999999999997
327,328,1.594760002814945,2.6399999999999997
328,329,1.5944165838308275,2.6399999999999997
329,330,1.5940017132351865,2.6399999999999997
330,331,1.5935161385085348,2.6399999999999997
331,332,1.5929606352610972,2.6399999999999997
332,333,1.592336006922186,2.6399999999999997
333,334,1.5916430844184468,2.6399999999999997
334,335,1.5908827258411051,2.6399999999999997
335,336,1.5900558161023517,2.6399999999999997
336,337,1.5891632665809965,2.6399999999999997
337,338,1.5882060147575363,2.6399999999999997
338,339,1.5871850238387857,2.6399999999999997
339,340,1.5861012823722107,2.6399999999999997
340,341,1.5849558038501377,2.6399999999999997
341,342,1.5837496263039728,2.6399999999999997
342,343,1.5824838118886138,2.6399999999999997
343,344,1.5811594464572118,2.6399999999999997
344,345,1.5797776391264524,2.6399999999999997
345,346,1.5783395218325316,2.6399999999999997
346,347,1.5768462488780057,2.6399999999999997
347,348,1.5752989964696966,2.6399999999999997
348,349,1.57369896224783,2.6399999999999997
349,350,1.5720473648066082,2.6399999999999997
350,351,1.5703454432063957,2.6399999999999997
351,352,1.5685944564777206,2.6399999999999997
352,353,1.5667956831172911,2.6399999999999997
353,354,1.5649504205762197,2.6399999999999997
354,355,1.5630599847406723,2.6399999999999997
355,356,1.5611257094051418,2.6399999999999997
356,357,1.559148945738554,2.6399999999999997
357,358,1.5571310617434309,2.6399999999999997
358,359,1.5550734417083178,2.6399999999999997
359,360,1.552977485653696,2.6399999999999997
360,361,1.5508446087716017,2.6399999999999997
361,362,1.5486762408591812,2.6399999999999997
362,363,1.5464738257463997,2.6399999999999997
363,364,1.5442388207181394,2.6399999999999997
364,365,1.5419726959309163,2.6399999999999997
365,366,1.5396769338244456,2.6399999999999997
366,367,1.5373530285282988,2.6399999999999997
367,368,1.5350024852638815,2.6399999999999997
368,369,1.5326268197419757,2.6399999999999997
369,370,1.5302275575560864,2.6399999999999997
370,371,1.527806233571837,2.6399999999999997
371,372,1.5253643913126544,2.6399999999999997
372,373,1.5229035823419899,2.6399999999999997
373,374,1.5204253656423277,2.6399999999999997
374,375,1.517931306991224,2.6399999999999997
375,376,1.515422978334627,2.6399999999999997
376,377,1.5129019571577331,2.6399999999999997
377,378,1.5103698258536242,2.6399999999999997
378,379,1.5078281710899455,2.6399999999999997
379,380,1.5052785831738689,2.6399999999999997
380,381,1.502722655415605,2.6399999999999997
381,382,1.5001619834907125,2.6399999999999997
382,383,1.4975981648014611,2.6399999999999997
383,384,1.4950327978375046,2.6399999999999997
384,385,1.4924674815361192,2.6399999999999997
385,386,1.4899038146422614,2.6399999999999997
386,387,1.4873433950687058,2.6399999999999997
387,388,1.4847878192565118,2.6399999999999997
388,389,1.4822386815360833,2.6399999999999997
389,390,1.4796975734890707,2.6399999999999997
390,391,1.4771660833113711,2.6399999999999997
391,392,1.4746457951774865,2.6399999999999997
392,393,1.4721382886064855,2.6399999999999997
393,394,1.4696451378298343,2.6399999999999997
394,395,1.4671679111613352,2.6399999999999997
395,396,1.4647081703694358,2.6399999999999997
396,397,1.4622674700521583,2.6399999999999997
397,398,1.4598473570148938,2.6399999999999997
398,399,1.457449369651314,2.6399999999999997
399,400,1.4550750373276495,2.6399999999999997
400,401,1.4527258797705769,2.6399999999999997
401,402,1.4504034064589637,2.6399999999999997
402,403,1.4481091160197097,2.6399999999999997
403,404,1.4458444956279324,2.6399999999999997
404,405,1.4436110204117305,2.6399999999999997
405,406,1.441410152861767,2.6399999999999997
406,407,1.4392433422459088,2.6399999999999997
407,408,1.4371120240291495,2.6399999999999997
408,409,1.4350176192990631,2.6399999999999997
409,410,1.4329615341969986,2.6399999999999997
410,411,1.430945159355261,2.6399999999999997
411,412,1.4289698693404886,2.6399999999999997
412,413,1.4270370221034645,2.6399999999999997
413,414,1.4251479584355644,2.6399999999999997
414,415,1.4233040014320797,2.6399999999999997
415,416,1.4215064559626078,2.6399999999999997
416,417,1.4197566081487407,2.6399999999999997
417,418,1.4180557248492467,2.6399999999999997
418,419,1.4164050531529646,2.6399999999999997
419,420,1.4148058198795943,2.6399999999999997
420,421,1.4132592310886078,2.6399999999999997
421,422,1.4117664715964546,2.6399999999999997
422,423,1.4103287045022677,2.6399999999999997
423,424,1.408947070722258,2.6399999999999997
424,425,1.4076226885329768,2.6399999999999997
425,426,1.4063566531236404,2.6399999999999997
426,427,1.4051500361576832,2.6399999999999997
427,428,1.4040038853437242,2.6399999999999997
428,429,1.4029192240161166,2.6399999999999997
429,430,1.4018970507252428,2.6399999999999997
430,431,1.4009383388377268,2.6399999999999997
431,432,1.400044036146716,2.6399999999999997
432,433,1.3992150644923966,2.6399999999999997
433,434,1.3984523193928855,2.6399999999999997
434,435,1.397756669685655,2.6399999999999997
435,436,1.397128957179625,2.6399999999999997
436,437,1.3965699963180709,2.6399999999999997
437,438,1.3960805738524744,2.6399999999999997
438,439,1.3956614485274512,2.6399999999999997
439,440,1.3953133507768831,2.6399999999999997
440,441,1.3950369824313726,2.6399999999999997
441,442,1.3948330164371363,2.6399999999999997
442,443,1.394702096586458,2.6399999999999997
443,444,1.3946448372597962,2.6399999999999997
444,445,1.3946618231796606,2.6399999999999997
445,446,1.3947536091763504,2.6399999999999997
446,447,1.3949207199656477,2.6399999999999997
447,448,1.3951636499385576,2.6399999999999997
448,449,1.3954828629631792,2.6399999999999997
449,450,1.395878792198784,2.6399999999999997
450,451,1.3963518399221753,2.6399999999999997
451,452,1.396902377366405,2.6399999999999997
452,453,1.397530744571907,2.6399999999999997
453,454,1.3982372502501004,2.6399999999999997
454,455,1.399022171659534,2.6399999999999997
455,456,1.399885754494605,2.6399999999999997
456,457,1.4008282127869052,2.6399999999999997
457,458,1.401849728819231,2.6399999999999997
458,459,1.4029504530522972,2.6399999999999997
459,460,1.4041305040641676,2.6399999999999997
460,461,1.405389968502456,2.6399999999999997
461,462,1.4067289010492818,2.6399999999999997
462,463,1.4081473243990228,2.6399999999999997
463,464,1.4096452292488584,2.6399999999999997
464,465,1.4112225743021105,2.6399999999999997
465,466,1.4128792862843855,2.6399999999999997
466,467,1.4146152599725046,2.6399999999999997
467,468,1.41643035823621,2.6399999999999997
468,469,1.4183244120926408,2.6399999999999997
469,470,1.4202972207735451,2.6399999999999997
470,471,1.422348551805206,2.6399999999999997
471,472,1.4244781411010503,2.6399999999999997
472,473,1.4266856930669023,2.6399999999999997
473,474,1.428970880718841,2.6399999999999997
474,475,1.4313333458136095,2.6399999999999997
475,476,1.4337726989915336,2.6399999999999997
476,477,1.4362885199318796,2.6399999999999997
477,478,1.4388803575206026,2.6399999999999997
478,479,1.4415477300304098,2.6399999999999997
479,480,1.444290125313065,2.6399999999999997
480,481,1.447107001003869,2.6399999999999997
481,482,1.4499977847382164,2.6399999999999997
482,483,1.4529618743801624,2.6399999999999997
483,484,1.4559986382628898,2.6399999999999997
484,485,1.4591074154409926,2.6399999999999997
485,486,1.4622875159544688,2.6399999999999997
486,487,1.4655382211043206,2.6399999999999997
487,488,1.4688587837396447,2.6399999999999997
488,489,1.472248428556113,2.6399999999999997
489,490,1.4757063524057037,2.6399999999999997
490,491,1.4792317246175768,2.6399999999999997
491,492,1.4828236873299558,2.6399999999999997
492,493,1.4864813558328855,2.6399999999999997
493,494,1.4902038189217286,2.6399999999999997
494,495,1.4939901392612618,2.6399999999999997
495,496,1.4978393537602233,2.6399999999999997
496,497,1.5017504739561591,2.6399999999999997
497,498,1.5057224864104222,2.6399999999999997
498,499,1.5097543531131612,2.6399999999999997
499,500,1.5138450118981337,2.6399999999999997
500,501,1.5179933768671872,2.6399999999999997
501,502,1.5221983388242268,2.6399999999999997
502,503,1.5264587657185096,2.6399999999999997
503,504,1.5307735030970702,2.6399999999999997
504,505,1.5351413745661189,2.6399999999999997
505,506,1.5395611822612063,2.6399999999999997
506,507,1.544031707325981,2.6399999999999997
507,508,1.5485517103993431,2.6399999999999997
508,509,1.553119932110799,2.6399999999999997
509,510,1.5577350935838177,2.6399999999999997
510,511,1.5623958969469955,2.6399999999999997
511,512,1.5671010258528129,2.6399999999999997
512,513,1.5718491460037811,2.6399999999999997
513,514,1.5766389056857766,2.6399999999999997
514,515,1.5814689363083283,2.6399999999999997
515,516,1.5863378529516723,2.6399999999999997
516,517,1.5912442549203232,2.6399999999999997
517,518,1.5961867263029643,2.6399999999999997
518,519,1.6011638365384206,2.6399999999999997
519,520,1.606174140987493,2.6399999999999997
520,521,1.611216181510425,2.6399999999999997
521,522,1.6162884870497631,2.6399999999999997
522,523,1.621389574218395,2.6399999999999997
523,524,1.6265179478925094,2.6399999999999997
524,525,1.6316721018092566,2.6399999999999997
525,526,1.6368505191688618,2.6399999999999997
526,527,1.6420516732409547,2.6399999999999997
527,528,1.6472740279748717,2.6399999999999997
528,529,1.6525160386136828,2.6399999999999997
529,530,1.6577761523117067,2.6399999999999997
530,531,1.6630528087552559,2.6399999999999997
531,532,1.668344440786373,2.6399999999999997
532,533,1.6736494750293012,2.6399999999999997
533,534,1.6789663325194468,2.6399999999999997
534,535,1.684293429334573,2.6399999999999997
535,536,1.6896291772279757,2.6399999999999997
536,537,1.6949719842633977,2.6399999999999997
537,538,1.7003202554514076,2.6399999999999997
538,539,1.7056723933870075,2.6399999999999997
539,540,1.7110267988882044,2.6399999999999997
540,541,1.7163818716352934,2.6399999999999997
541,542,1.721736010810596,2.6399999999999997
542,543,1.7270876157383968,2.6399999999999997
543,544,1.7324350865248226,2.6399999999999997
544,545,1.737776824697414,2.6399999999999997
545,546,1.7431112338441233,2.6399999999999997
546,547,1.748436720251489,2.6399999999999997
547,548,1.7537516935417343,2.6399999999999997
548,549,1.759054567308527,2.6399999999999997
549,550,1.7643437597511566,2.6399999999999997
550,551,1.769617694306865,2.6399999999999997
551,552,1.7748748002810812,2.6399999999999997
552,553,1.7801135134753137,2.6399999999999997
553,554,1.7853322768124416,2.6399999999999997
554,555,1.7905295409591582,2.6399999999999997
555,556,1.795703764945316,2.6399999999999997
556,557,1.8008534167799293,2.6399999999999997
557,558,1.8059769740635825,2.6399999999999997
558,559,1.8110729245970043,2.6399999999999997
559,560,1.8161397669855617,2.6399999999999997
560,561,1.8211760112394288,2.6399999999999997
561,562,1.826180179369204,2.6399999999999997
562,563,1.831150805976711,2.6500000000000004
563,564,1.836086438840782,2.6500000000000004
564,565,1.8409856394977568,2.6500000000000004
565,566,1.8458469838164828,2.6500000000000004
566,567,1.8506690625675888,2.6500000000000004
567,568,1.8554504819867896,2.6500000000000004
568,569,1.8601898643320047,2.6500000000000004
569,570,1.8648858484340816,2.6500000000000004
570,571,1.8695370902408723,2.6500000000000004
571,572,1.8741422633544769,2.6500000000000004
572,573,1.8787000595614172,2.6500000000000004
573,574,1.8832091893555445,2.6500000000000004
574,575,1.8876683824534588,2.6500000000000004
575,576,1.892076388302244,2.6500000000000004
576,577,1.896431976579304,2.6500000000000004
577,578,1.9007339376841152,2.6500000000000004
578,579,1.9049810832216905,2.6500000000000004
579,580,1.9091722464775511,2.6500000000000004
580,581,1.91330628288404,2.6500000000000004
581,582,1.917382070477767,2.6500000000000004
582,583,1.92139851034802,2.6500000000000004
583,584,1.925354527075949,2.6500000000000004
584,585,1.92924906916436,2.6500000000000004
585,586,1.9330811094579323,2.6500000000000004
586,587,1.9368496455537128,2.6500000000000004
587,588,1.9405537002016968,2.6500000000000004
588,589,1.944192321695352,2.6500000000000004
589,590,1.9477645842519296,2.6500000000000004
590,591,1.951269588382405,2.6500000000000004
591,592,1.954706461250897,2.6500000000000004
592,593,1.9580743570234305,2.6500000000000004
593,594,1.9613724572058973,2.6500000000000004
594,595,1.964599970971084,2.6500000000000004
595,596,1.9677561354746285,2.6500000000000004
596,597,1.9708402161597909,2.6500000000000004
597,598,1.9738515070509024,2.6500000000000004
598,599,1.9767893310353881,2.6500000000000004
599,600,1.9796530401342425,2.6500000000000004
600,601,1.9824420157608518,2.6500000000000004
601,602,1.9851556689680625,2.6500000000000004
602,603,1.9877934406833897,2.6500000000000004
603,604,1.9903548019322819,2.6500000000000004
604,605,1.9928392540493445,2.6500000000000004
605,606,1.9952463288774365,2.6500000000000004
606,607,1.9975755889545737,2.6500000000000004
607,608,1.9998266276885448,2.6500000000000004
608,609,2.001999069519185,2.6500000000000004
609,610,2.004092570068237,2.6500000000000004
610,611,2.006106816276741,2.6500000000000004
611,612,2.0080415265298908,2.6500000000000004
612,613,2.0098964507693253,2.6500000000000004
613,614,2.011671370592783,2.6500000000000004
614,615,2.0133660993411078,2.6500000000000004
615,616,2.01498048217255,2.6500000000000004
616,617,2.016514396124344,2.6500000000000004
617,618,2.017967750161537,2.6500000000000004
618,619,2.0193404852130383,2.6500000000000004
619,620,2.0206325741948974,2.6500000000000004
620,621,2.021844022020776,2.6500000000000004
621,622,2.0229748655996254,2.6500000000000004
622,623,2.024025173820571,2.6500000000000004
623,624,2.0249950475249974,2.6500000000000004
624,625,2.025884619465859,2.6500000000000004
625,626,2.026694054254224,2.6500000000000004
626,627,2.027423548293075,2.6500000000000004
627,628,2.0280733296983984,2.6500000000000004
628,629,2.028643658207581,2.6500000000000004
629,630,2.0291348250751686,2.6500000000000004
630,631,2.0295471529560047,2.6500000000000004
631,632,2.029880995775828,2.6500000000000004
632,633,2.030136738589342,2.6500000000000004
633,634,2.030314797425852,2.6500000000000004
634,635,2.0304156191224974,2.6500000000000004
635,636,2.0304396811451757,2.6500000000000004
636,637,2.030387491397198,2.6500000000000004
637,638,2.030259588015793,2.6500000000000004
638,639,2.030056539156496,2.6500000000000004
639,640,2.0297789427655424,2.6500000000000004
640,641,2.0294274263403462,2.6500000000000004
641,642,2.029002646678153,2.6500000000000004
642,643,2.0285052896129803,2.6500000000000004
643,644,2.027936069740936,2.6500000000000004
644,645,2.0272957301340373,2.6500000000000004
645,646,2.026585042042641,2.6500000000000004
646,647,2.0258048045866013,2.6500000000000004
647,648,2.0249558444352758,2.6500000000000004
648,649,2.024039015476522,2.6500000000000004
649,650,2.023055198474797,2.6500000000000004
650,651,2.022005300718514,2.6500000000000004
651,652,2.0208902556567865,2.6500000000000004
652,653,2.0197110225257098,2.6500000000000004
653,654,2.018468585964328,2.6500000000000004
654,655,2.017163955620437,2.6500000000000004
655,656,2.0157981657463964,2.6500000000000004
656,657,2.01437227478508,2.6500000000000004
657,658,2.0128873649461694,2.6500000000000004
658,659,2.011344541772933,2.6500000000000004
659,660,2.009744933699672,2.6500000000000004
660,661,2.0080896916000093,2.6500000000000004
661,662,2.00637998832621,2.6500000000000004
662,663,2.0046170182397023,2.6500000000000004
663,664,2.002801996733001,2.6500000000000004
664,665,2.0009361597432145,2.6500000000000004
665,666,1.9990207632573431,2.6500000000000004
666,667,1.9970570828095433,2.6500000000000004
667,668,1.9950464129705885,2.6500000000000004
668,669,1.9929900668297065,2.6500000000000004
669,670,1.9908893754690116,2.6500000000000004
670,671,1.9887456874307436,2.6500000000000004
671,672,1.986560368177518,2.6500000000000004
672,673,1.984334799545812,2.6500000000000004
673,674,1.9820703791928995,2.6500000000000004
674,675,1.9797685200374608,2.6500000000000004
675,676,1.977430649694084,2.6500000000000004
676,677,1.9750582099018903,2.6500000000000004
677,678,1.9726526559475133,2.6500000000000004
678,679,1.9702154560826528,2.6500000000000004
679,680,1.9677480909364504,2.6500000000000004
680,681,1.965252052922907,2.6500000000000004
681,682,1.962728845643592,2.6500000000000004
682,683,1.960179983285875,2.6500000000000004
683,684,1.9576069900169288,2.6500000000000004
684,685,1.955011399373731,2.6500000000000004
685,686,1.952394753649328,2.6500000000000004
686,687,1.9497586032755885,2.6500000000000004
687,688,1.94710450620271,2.6500000000000004
688,689,1.9444340272757108,2.6500000000000004
689,690,1.9417487376081688,2.6500000000000004
690,691,1.939050213953453,2.6500000000000004
691,692,1.9363400380736928,2.6500000000000004
692,693,1.9336197961067572,2.6500000000000004
693,694,1.930891077931472,2.6500000000000004
694,695,1.928155476531343,2.6500000000000004
695,696,1.9254145873570432,2.6500000000000004
696,697,1.9226700076879093,2.6500000000000004
697,698,1.9199233359927053,2.6500000000000004
698,699,1.9171761712899131,2.6500000000000004
699,700,1.914430112507804,2.6500000000000004
700,701,1.9116867578445436,2.6500000000000004
701,702,1.908947704128593,2.6500000000000004
702,703,1.9062145461796527,2.6500000000000004
703,704,1.9034888761704167,2.6500000000000004
704,705,1.9007722829893758,2.6500000000000004
705,706,1.8980663516049492,2.6500000000000004
706,707,1.8953726624311689,2.6500000000000004
707,708,1.892692790695196,2.6500000000000004
708,709,1.8900283058069096,2.6500000000000004
709,710,1.8873807707308177,2.6500000000000004
710,711,1.8847517413605572,2.6500000000000004
711,712,1.8821427658962104,2.6500000000000004
712,713,1.879555384224705,2.6500000000000004
713,714,1.876991127303541,2.6500000000000004
714,715,1.874451516548087,2.6500000000000004
715,716,1.8719380632226899,2.6500000000000004
716,717,1.8694522678358527,2.6500000000000004
717,718,1.8669956195397104,2.6500000000000004
718,719,1.8645695955340449,2.6500000000000004
719,720,1.8621756604750896,2.6500000000000004
720,721,1.8598152658893443,2.6500000000000004
721,722,1.8574898495926435,2.6500000000000004
722,723,1.8552008351147111,2.6500000000000004
723,724,1.852949631129429,2.6500000000000004
724,725,1.8507376308910437,2.6500000000000004
725,726,1.8485662116765469,2.6500000000000004
726,727,1.846436734234446,2.6500000000000004
727,728,1.8443505422401398,2.6500000000000004
728,729,1.8423089617581316,2.6500000000000004
729,730,1.8403133007112789,2.6500000000000004
730,731,1.8383648483573092,2.6500000000000004
731,732,1.8364648747727903,2.6500000000000004
732,733,1.8346146303447843,2.6500000000000004
733,734,1.8328153452703675,2.6500000000000004
734,735,1.8310682290642328,2.6500000000000004
735,736,1.8293744700745636,2.6500000000000004
736,737,1.8277352350073708,2.6399999999999997
737,738,1.8261516684594927,2.6399999999999997
738,739,1.8246248924604316,2.6399999999999997
739,740,1.8231560060232208,2.6399999999999997
740,741,1.821746084704502,2.6399999999999997
741,742,1.8203961801739752,2.6399999999999997
742,743,1.8191073197934131,2.6399999999999997
743,744,1.817880506205393,2.6399999999999997
744,745,1.8167167169319172,2.6399999999999997
745,746,1.8156169039830816,2.6399999999999997
746,747,1.8145819934759528,2.6399999999999997
747,748,1.8136128852637925,2.6399999999999997
748,749,1.8127104525758004,2.6399999999999997
749,750,1.8118755416674928,2.6399999999999997
750,751,1.8111089714818842,2.6399999999999997
751,752,1.8104115333215791,2.6399999999999997
752,753,1.809783990531936,2.6399999999999997
753,754,1.8092270781953996,2.6399999999999997
754,755,1.808741502837144,2.6399999999999997
755,756,1.808327942142144,2.6399999999999997
756,757,1.80798704468377,2.6399999999999997
757,758,1.80771942966404,2.6399999999999997
758,759,1.8075256866656104,2.6399999999999997
759,760,1.80740637541562,2.6399999999999997
760,761,1.8073620255614735,2.6399999999999997
761,762,1.8073931364586584,2.6399999999999997
762,763,1.8075001769706744,2.6399999999999997
763,764,1.8076835852811661,2.6399999999999997
764,765,1.8079437687183209,2.6399999999999997
765,766,1.808281103591613,2.6399999999999997
766,767,1.8086959350409542,2.6399999999999997
767,768,1.809188576898308,2.6399999999999997
768,769,1.8097593115618325,2.6399999999999997
769,770,1.810408389882595,2.6399999999999997
770,771,1.811136031063903,2.6399999999999997
771,772,1.811942422573294,2.6399999999999997
772,773,1.812827720067224,2.6399999999999997
773,774,1.8137920473284743,2.6399999999999997
774,775,1.814835496216312,2.6399999999999997
775,776,1.815958126629416,2.6399999999999997
776,777,1.817159966481591,2.6399999999999997
777,778,1.8184410116902725,2.6399999999999997
778,779,1.8198012261778287,2.6399999999999997
779,780,1.8212405418856659,2.6399999999999997
780,781,1.822758858801119,2.6399999999999997
781,782,1.8243560449971288,2.6399999999999997
782,783,1.8260319366846816,2.6399999999999997
783,784,1.827786338277996,2.6399999999999997
784,785,1.8296190224724247,2.6500000000000004
785,786,1.8315297303350475,2.6500000000000004
786,787,1.8335181714079123,2.6500000000000004
787,788,1.8355840238238883,2.6500000000000004
788,789,1.83772693443508,2.6500000000000004
789,790,1.8399465189537552,2.6500000000000004
790,791,1.8422423621057298,2.6500000000000004
791,792,1.844614017796144,2.6500000000000004
792,793,1.8470610092875657,2.6500000000000004
793,794,1.849582829390359,2.6500000000000004
794,795,1.8521789406652212,2.6500000000000004
795,796,1.8548487756378291,2.6500000000000004
796,797,1.8575917370254955,2.6500000000000004
797,798,1.8604071979757455,2.6500000000000004
798,799,1.8632945023167309,2.6500000000000004
799,800,1.866252964819357,2.6500000000000004
800,801,1.8692818714710469,2.6500000000000004
801,802,1.8723804797610089,2.6500000000000004
802,803,1.8755480189769085,2.6500000000000004
803,804,1.878783690512816,2.6500000000000004
804,805,1.8820866681883175,2.6500000000000004
805,806,1.885456098578652,2.6500000000000004
806,807,1.888891101355746,2.6500000000000004
807,808,1.8923907696400049,2.6500000000000004
808,809,1.8959541703627376,2.6500000000000004
809,810,1.8995803446390445,2.6500000000000004
810,811,1.9032683081510342,2.6500000000000004
811,812,1.907017051541219,2.6500000000000004
812,813,1.9108255408159176,2.6500000000000004
813,814,1.9146927177585211,2.6500000000000004
814,815,1.9186175003524404,2.6500000000000004
815,816,1.9225987832135776,2.6500000000000004
816,817,1.9266354380321449,2.6500000000000004
817,818,1.9307263140236484,2.6500000000000004
818,819,1.9348702383888696,2.6500000000000004
819,820,1.9390660167826463,2.6500000000000004
820,821,1.943312433791272,2.6500000000000004
821,822,1.9476082534183288,2.6500000000000004
822,823,1.951952219578748,2.6500000000000004
823,824,1.956343056600905,2.6500000000000004
824,825,1.960779469736552,2.6500000000000004
825,826,1.9652601456783811,2.6500000000000004
826,827,1.9697837530850109,2.6500000000000004
827,828,1.9743489431131849,2.6500000000000004
828,829,1.978954349956968,2.6500000000000004
829,830,1.9835985913937395,2.6500000000000004
830,831,1.988280269336739,2.6500000000000004
831,832,1.9929979703939664,2.6500000000000004
832,833,1.997750266433199,2.6500000000000004
833,834,2.002535715152912,2.6500000000000004
834,835,2.007352860658857,2.6500000000000004
835,836,2.0122002340460856,2.6500000000000004
836,837,2.017076353986173,2.6500000000000004
837,838,2.021979727319412,2.6500000000000004
838,839,2.026908849651742,2.6500000000000004
839,840,2.0318622059561657,2.6500000000000004
840,841,2.036838271178429,2.6500000000000004
841,842,2.0418355108466995,2.6500000000000004
842,843,2.0468523816850235,2.6500000000000004
843,844,2.051887332230295,2.6500000000000004
844,845,2.056938803452512,2.6500000000000004
845,846,2.062005229378039,2.6500000000000004
846,847,2.067085037715676,2.6500000000000004
847,848,2.0721766504852277,2.6500000000000004
848,849,2.077278484648363,2.6500000000000004
849,850,2.0823889527414945,2.6500000000000004
850,851,2.0875064635104272,2.6500000000000004
851,852,2.0926294225465263,2.6500000000000004
852,853,2.097756232924144,2.6500000000000004
853,854,2.1028852958390525,2.6500000000000004
854,855,2.1080150112476352,2.6500000000000004
855,856,2.1131437785065663,2.6500000000000004
856,857,2.118269997012733,2.6500000000000004
857,858,2.1233920668431443,2.6500000000000004
858,859,2.1285083893945624,2.6500000000000004
859,860,2.1336173680226147,2.6500000000000004
860,861,2.138717408680115,2.6500000000000004
861,862,2.1438069205543457,2.6500000000000004
862,863,2.148884316703059,2.6500000000000004
863,864,2.153948014688908,2.6500000000000004
864,865,2.1589964372121018,2.6500000000000004
865,866,2.1640280127409817,2.6500000000000004
866,867,2.169041176140309,2.6500000000000004
867,868,2.174034369296985,2.6500000000000004
868,869,2.1790060417429635,2.6500000000000004
869,870,2.183954651275108,2.6500000000000004
870,871,2.1888786645717406,2.6500000000000004
871,872,2.193776557805642,2.6500000000000004
872,873,2.1986468172532505,2.6500000000000004
873,874,2.2034879398998233,2.6500000000000004
874,875,2.208298434040309,2.6500000000000004
875,876,2.213076819875706,2.6500000000000004
876,877,2.217821630104647,2.6500000000000004
877,878,2.2225314105099976,2.6500000000000004
878,879,2.227204720540207,2.6500000000000004
879,880,2.2318401338852096,2.6500000000000004
880,881,2.236436239046616,2.6500000000000004
881,882,2.240991639901986,2.6500000000000004
882,883,2.245504956262954,2.6500000000000004
883,884,2.249974824426977,2.6500000000000004
884,885,2.254399897722485,2.6500000000000004
885,886,2.2587788470472363,2.6500000000000004
886,887,2.2631103613996184,2.6500000000000004
887,888,2.267393148402737,2.6500000000000004
888,889,2.2716259348210373,2.6500000000000004
889,890,2.2758074670692747,2.6500000000000004
890,891,2.2799365117136285,2.6500000000000004
891,892,2.284011855964751,2.6500000000000004
892,893,2.2880323081625624,2.6500000000000004
893,894,2.291996698252592,2.6500000000000004
894,895,2.2959038782536823,2.6500000000000004
895,896,2.299752722716855,2.6500000000000004
896,897,2.303542129175179,2.6500000000000004
897,898,2.307271018584431,2.6500000000000004
898,899,2.3109383357543987,2.6500000000000004
899,900,2.3145430497706347,2.6500000000000004
900,901,2.3180841544065083,2.6500000000000004
901,902,2.321560668525376,2.6500000000000004
902,903,2.324971636472725,2.6500000000000004
903,904,2.3283161284581064,2.6500000000000004
904,905,2.331593240926754,2.6500000000000004
905,906,2.334802096920675,2.6500000000000004
906,907,2.3379418464291275,2.6500000000000004
907,908,2.34101166672831,2.6500000000000004
908,909,2.3440107627101345,2.6500000000000004
909,910,2.346938367199961,2.6500000000000004
910,911,2.349793741263154,2.6500000000000004
911,912,2.3525761745003417,2.6500000000000004
912,913,2.355284985331271,2.6500000000000004
913,914,2.3579195212671245,2.6500000000000004
914,915,2.360479159171208,2.6500000000000004
915,916,2.362963305507897,2.6500000000000004
916,917,2.3653713965797416,2.6500000000000004
917,918,2.3677028987526367,2.6500000000000004
918,919,2.3699573086689725,2.6500000000000004
919,920,2.3721341534486653,2.6500000000000004
920,921,2.3742329908780078,2.6500000000000004
921,922,2.376253409586248,2.6500000000000004
922,923,2.378195029209834,2.6500000000000004
923,924,2.3800575005442526,2.6500000000000004
924,925,2.3818405056834115,2.6500000000000004
925,926,2.3835437581464953,2.6500000000000004
926,927,2.3851670029922585,2.6500000000000004
927,928,2.3867100169206994,2.6500000000000004
928,929,2.38817260836208,2.6500000000000004
929,930,2.389554617553252,2.6500000000000004
930,931,2.3908559166012653,2.6500000000000004
931,932,2.392076409534224,2.6500000000000004
932,933,2.3932160323393785,2.6500000000000004
933,934,2.3942747529884323,2.6500000000000004
934,935,2.3952525714500563,2.6500000000000004
935,936,2.396149519689605,2.6500000000000004
936,937,2.396965661656036,2.6500000000000004
937,938,2.3977010932560328,2.6500000000000004
938,939,2.3983559423153524,2.6500000000000004
939,940,2.3989303685273966,2.6500000000000004
940,941,2.3994245633890436,2.6500000000000004
941,942,2.3998387501237586,2.6500000000000004
942,943,2.4001731835920084,2.6500000000000004
943,944,2.400428150189032,2.6500000000000004
944,945,2.4006039677299857,2.6500000000000004
945,946,2.4007009853225343,2.6500000000000004
946,947,2.4007195832269113,2.6500000000000004
947,948,2.400660172703532,2.6500000000000004
948,949,2.4005231958482,2.6500000000000004
949,950,2.400309125414982,2.6500000000000004
950,951,2.400018464626817,2.6500000000000004
951,952,2.399651746973946,2.6500000000000004
952,953,2.399209536000225,2.6500000000000004
953,954,2.3986924250774284,2.6500000000000004
954,955,2.3981010371676104,2.6500000000000004
955,956,2.3974360245736426,2.6500000000000004
956,957,2.3966980686780066,2.6500000000000004
957,958,2.39588787966996,2.6500000000000004
958,959,2.3950061962611766,2.6500000000000004
959,960,2.3940537853899864,2.6500000000000004
960,961,2.3930314419143137,2.6500000000000004
961,962,2.3919399882934576,2.6500000000000004
962,963,2.3907802742588298,2.6500000000000004
963,964,2.38955317647378,2.6500000000000004
964,965,2.3882595981826573,2.6500000000000004
965,966,2.3869004688492304,2.6500000000000004
966,967,2.385476743784628,2.6500000000000004
967,968,2.3839894037649376,2.6500000000000004
968,969,2.3824394546386207,2.6500000000000004
969,970,2.3808279269238946,2.6500000000000004
970,971,2.3791558753962554,2.6500000000000004
971,972,2.37742437866629,2.6500000000000004
972,973,2.3756345387479594,2.6500000000000004
973,974,2.3737874806175228,2.6500000000000004
974,975,2.3718843517632697,2.6500000000000004
975,976,2.3699263217262594,2.6500000000000004
976,977,2.3679145816322262,2.6500000000000004
977,978,2.3658503437148624,2.6500000000000004
978,979,2.3637348408306567,2.6500000000000004
979,980,2.3615693259654758,2.6500000000000004
980,981,2.359355071733105,2.6500000000000004
981,982,2.357093369865935,2.6500000000000004
982,983,2.354785530697996,2.6500000000000004
983,984,2.3524328826405605,2.6500000000000004
984,985,2.350036771650509,2.6500000000000004
985,986,2.3475985606916834,2.6500000000000004
986,987,2.345119629189431,2.6500000000000004
987,988,2.3426013724785717,2.6500000000000004
988,989,2.340045201244997,2.6500000000000004
989,990,2.3374525409611326,2.6500000000000004
990,991,2.3348248313154807,2.6500000000000004
991,992,2.3321635256364845,2.6500000000000004
992,993,2.329470090310932,2.6500000000000004
993,994,2.3267460041971355,2.6500000000000004
994,995,2.3239927580331297,2.6500000000000004
995,996,2.3212118538401114,2.6500000000000004
996,997,2.3184048043213674,2.6500000000000004
997,998,2.315573132256933,2.6500000000000004
998,999,2.3127183698942217,2.6500000000000004
999,1000,2.309842058334858,2.6500000000000004
1000,1001,2.3069457469179824,2.6500000000000004
1001,1002,2.304030992600252,2.6500000000000004
1002,1003,2.3010993593328,2.6500000000000004
1003,1004,2.298152417435393,2.6500000000000004
1004,1005,2.295191742968047,2.6500000000000004
1005,1006,2.292218917100341,2.6500000000000004
1006,1007,2.2892355254786945,2.6500000000000004
1007,1008,2.2862431575918416,2.6500000000000004
1008,1009,2.283243406134792,2.6500000000000004
1009,1010,2.28023786637148,2.6500000000000004
1010,1011,2.2772281354964123,2.6500000000000004
1011,1012,2.2742158119955267,2.6500000000000004
1012,1013,2.2712024950065435,2.6500000000000004
1013,1014,2.2681897836790514,2.6500000000000004
1014,1015,2.2651792765345933,2.6500000000000004
1015,1016,2.262172570827001,2.6500000000000004
1016,1017,2.259171261903234,2.6500000000000004
1017,1018,2.256176942564992,2.6500000000000004
1018,1019,2.2531912024313288,2.6500000000000004
1019,1020,2.250215627302559,2.6500000000000004
1020,1021,2.2472517985256766,2.6500000000000004
1021,1022,2.244301292361562,2.6500000000000004
1022,1023,2.241365679354223,2.6500000000000004
1023,1024,2.2384465237023226,2.6500000000000004
1024,1025,2.235545382633245,2.6500000000000004
1025,1026,2.232663805779949,2.6500000000000004
1026,1027,2.2298033345608634,2.6500000000000004
1027,1028,2.2269655015630603,2.6500000000000004
1028,1029,2.2241518299289718,2.6500000000000004
1029,1030,2.2213638327468743,2.6500000000000004
1030,1031,2.2186030124454037,2.6500000000000004
1031,1032,2.215870860192325,2.6500000000000004
1032,1033,2.213168855297816,2.6500000000000004
1033,1034,2.2104984646224866,2.6500000000000004
1034,1035,2.2078611419903846,2.6500000000000004
1035,1036,2.2052583276072077,2.6500000000000004
1036,1037,2.2026914474839714,2.6500000000000004
1037,1038,2.200161912866351,2.6500000000000004
1038,1039,2.1976711196699283,2.6500000000000004
1039,1040,2.195220447921572,2.6500000000000004
1040,1041,2.1928112612071757,2.6500000000000004
1041,1042,2.1904449061259714,2.6500000000000004
1042,1043,2.188122711751631,2.6500000000000004
1043,1044,2.1858459891003887,2.6500000000000004
1044,1045,2.18361603060638,2.6500000000000004
1045,1046,2.1814341096044148,2.6500000000000004
1046,1047,2.1793014798203902,2.6500000000000004
1047,1048,2.1772193748695448,2.6500000000000004
1048,1049,2.1751890077627642,2.6500000000000004
1049,1050,2.1732115704211177,2.6500000000000004
1050,1051,2.1712882331988426,2.6500000000000004
1051,1052,2.169420144414944,2.6500000000000004
1052,1053,2.1676084298936145,2.6500000000000004
1053,1054,2.165854192513656,2.6500000000000004
1054,1055,2.1641585117670683,2.6500000000000004
1055,1056,2.162522443327001,2.6500000000000004
1056,1057,2.1609470186252326,2.6500000000000004
1057,1058,2.1594332444393425,2.6500000000000004
1058,1059,2.1579821024897448,2.6500000000000004
1059,1060,2.156594549046748,2.6500000000000004
1060,1061,2.155271514547793,2.6500000000000004
1061,1062,2.154013903225024,2.6500000000000004
1062,1063,2.1528225927433398,2.6500000000000004
1063,1064,2.151698433849073,2.6500000000000004
1064,1065,2.150642250029444,2.6500000000000004
1065,1066,2.1496548371829003,2.6500000000000004
1066,1067,2.1487369633005127,2.6500000000000004
1067,1068,2.147889368158519,2.6500000000000004
1068,1069,2.1471127630221574,2.6500000000000004
1069,1070,2.1464078303609107,2.6500000000000004
1070,1071,2.1457752235752574,2.6500000000000004
1071,1072,2.145215566735061,2.6500000000000004
1072,1073,2.1447294543296844,2.6500000000000004
1073,1074,2.1443174510299365,2.6500000000000004
1074,1075,2.143980091461953,2.6500000000000004
1075,1076,2.1437178799930874,2.6500000000000004
1076,1077,2.1435312905299053,2.6500000000000004
1077,1078,2.143420766328372,2.6500000000000004
1078,1079,2.143386719816286,2.6500000000000004
1079,1080,2.143429532428061,2.6500000000000004
1080,1081,2.143549554451884,2.6500000000000004
1081,1082,2.143747104889353,2.6500000000000004
1082,1083,2.144022471327616,2.6500000000000004
1083,1084,2.1443759098240736,2.6500000000000004
1084,1085,2.144807644803709,2.6500000000000004
1085,1086,2.145317868969053,2.6500000000000004
1086,1087,2.145906743222847,2.6500000000000004
1087,1088,2.146574396603423,2.6500000000000004
1088,1089,2.1473209262328354,2.6500000000000004
1089,1090,2.148146397277746,2.6500000000000004
1090,1091,2.1490508429231063,2.6500000000000004
1091,1092,2.150034264358621,2.6500000000000004
1092,1093,2.1510966307780133,2.6500000000000004
1093,1094,2.1522378793910883,2.6500000000000004
1094,1095,2.153457915448596,2.6500000000000004
1095,1096,2.1547566122798614,2.6500000000000004
1096,1097,2.1561338113432016,2.6500000000000004
1097,1098,2.15758932228908,2.6500000000000004
1098,1099,2.1591229230359854,2.6500000000000004
1099,1100,2.160734359859006,2.6500000000000004
1100,1101,2.1624233474910604,2.6500000000000004
1101,1102,2.1641895692367408,2.6500000000000004
1102,1103,2.166032677098735,2.6500000000000004
1103,1104,2.167952291916759,2.6500000000000004
1104,1105,2.1699480035189667,2.6500000000000004
1105,1106,2.1720193708857543,2.6500000000000004
1106,1107,2.1741659223259053,2.6500000000000004
1107,1108,2.1763871556650125,2.6500000000000004
1108,1109,2.1786825384460773,2.6500000000000004
1109,1110,2.181051508142238,2.6500000000000004
1110,1111,2.183493472381517,2.6500000000000004
1111,1112,2.186007809183504,2.6500000000000004
1112,1113,2.1885938672078944,2.6500000000000004
1113,1114,2.1912509660147537,2.6500000000000004
1114,1115,2.1939783963364388,2.6500000000000004
1115,1116,2.1967754203610386,2.6500000000000004
1116,1117,2.199641272027239,2.6500000000000004
1117,1118,2.2025751573304806,2.6500000000000004
1118,1119,2.205576254640304,2.6500000000000004
1119,1120,2.208643715028733,2.6500000000000004
1120,1121,2.2117766626095867,2.6500000000000004
1121,1122,2.214974194888571,2.6500000000000004
1122,1123,2.2182353831240094,2.6500000000000004
1123,1124,2.221559272698082,2.6500000000000004
1124,1125,2.2249448834984045,2.6500000000000004
1125,1126,2.228391210309812,2.6500000000000004
1126,1127,2.2318972232161816,2.6500000000000004
1127,1128,2.2354618680121368,2.6500000000000004
1128,1129,2.23908406662446,2.6500000000000004
1129,1130,2.2427627175430658,2.6500000000000004
1130,1131,2.246496696261339,2.6500000000000004
1131,1132,2.2502848557256683,2.6500000000000004
1132,1133,2.2541260267940104,2.6500000000000004
1133,1134,2.2580190187032816,2.6500000000000004
1134,1135,2.2619626195453955,2.6500000000000004
1135,1136,2.2659555967517693,2.6500000000000004
1136,1137,2.2699966975860773,2.6500000000000004
1137,1138,2.274084649645092,2.6500000000000004
1138,1139,2.278218161367375,2.6500000000000004
1139,1140,2.282395922549638,2.6500000000000004
1140,1141,2.2866166048705665,2.6500000000000004
1141,1142,2.290878862421874,2.6500000000000004
1142,1143,2.2951813322464103,2.6500000000000004
1143,1144,2.299522634883074,2.6500000000000004
1144,1145,2.303901374918344,2.6500000000000004
1145,1146,2.308316141544162,2.6500000000000004
1146,1147,2.3127655091220145,2.6500000000000004
1147,1148,2.3172480377529068,2.6500000000000004
1148,1149,2.3217622738530705,2.6500000000000004
1149,1150,2.3263067507351267,2.6500000000000004
1150,1151,2.330879989194499,2.6500000000000004
1151,1152,2.335480498100836,2.6500000000000004
1152,1153,2.3401067749941955,2.6500000000000004
1153,1154,2.3447573066857665,2.6500000000000004
1154,1155,2.3494305698628835,2.6500000000000004
1155,1156,2.354125031698086,2.6500000000000004
1156,1157,2.358839150461993,2.6500000000000004
1157,1158,2.3635713761397232,2.6500000000000004
1158,1159,2.368320151050643,2.6500000000000004
1159,1160,2.37308391047118,2.6500000000000004
1160,1161,2.3778610832604445,2.6500000000000004
1161,1162,2.3826500924884284,2.6500000000000004
1162,1163,2.3874493560665098,2.6500000000000004
1163,1164,2.3922572873800343,2.6500000000000004
1164,1165,2.397072295922696,2.6500000000000004
1165,1166,2.4018927879324763,2.6500000000000004
1166,1167,2.406717167028892,2.6500000000000004
1167,1168,2.411543834851287,2.6500000000000004
1168,1169,2.416371191697911,2.6500000000000004
1169,1170,2.421197637165548,2.6500000000000004
1170,1171,2.4260215707894095,2.6500000000000004
1171,1172,2.4308413926830643,2.6500000000000004
1172,1173,2.435655504178138,2.6500000000000004
1173,1174,2.4404623084635144,2.6500000000000004
1174,1175,2.4452602112238044,2.6500000000000004
1175,1176,2.4500476212768127,2.6500000000000004
1176,1177,2.4548229512097555,2.6500000000000004
1177,1178,2.459584618013964,2.6500000000000004
1178,1179,2.4643310437178294,2.6500000000000004
1179,1180,2.469060656017741,2.6500000000000004
1180,1181,2.473771888906743,2.6500000000000004
1181,1182,2.4784631833006867,2.6500000000000004
1182,1183,2.483132987661605,2.6500000000000004
1183,1184,2.487779758618069,2.6500000000000004
1184,1185,2.492401961582292,2.6500000000000004
1185,1186,2.496998071363695,2.6500000000000004
1186,1187,2.5015665727787373,2.6500000000000004
1187,1188,2.506105961256736,2.6500000000000004
1188,1189,2.5106147434414368,2.6500000000000004
1189,1190,2.5150914377881057,2.6500000000000004
1190,1191,2.5195345751558893,2.6500000000000004
1191,1192,2.5239426993952274,2.6500000000000004
1192,1193,2.5283143679300517,2.6500000000000004
1193,1194,2.532648152334572,2.6500000000000004
1194,1195,2.5369426389043843,2.6500000000000004
1195,1196,2.541196429221717,2.6500000000000004
1196,1197,2.545408140714539,2.6500000000000004
1197,1198,2.5495764072093348,2.6500000000000004
1198,1199,2.5536998794773345,2.6500000000000004
1199,1200,2.5577772257739495,2.6500000000000004
1200,1201,2.5618071323712233,2.6500000000000004
1201,1202,2.5657883040830773,2.6500000000000004
1202,1203,2.5697194647831374,2.6500000000000004
1203,1204,2.573599357914933,2.6500000000000004
1204,1205,2.5774267469942806,2.6500000000000004
1205,1206,2.5812004161036284,2.6500000000000004
1206,1207,2.584919170378176,2.6500000000000004
1207,1208,2.5885818364835798,2.6500000000000004
1208,1209,2.5921872630850387,2.6500000000000004
1209,1210,2.5957343213075905,2.6500000000000004
1210,1211,2.599221905187413,2.6500000000000004
1211,1212,2.602648932113968,2.6500000000000004
1212,1213,2.606014343262808,2.6500000000000004
1213,1214,2.6093171040188614,2.6500000000000004
1214,1215,2.6125562043900383,2.6500000000000004
1215,1216,2.6157306594109886,2.6500000000000004
1216,1217,2.6188395095368464,2.6500000000000004
1217,1218,2.6218818210268138,2.6500000000000004
1218,1219,2.624856686317413,2.6500000000000004
1219,1220,2.6277632243852795,2.6500000000000004
1220,1221,2.630600581099332,2.6500000000000004
1221,1222,2.633367929562189,2.6500000000000004
1222,1223,2.6360644704406937,2.6500000000000004
1223,1224,2.6386894322854064,2.6500000000000004
1224,1225,2.641242071838961,2.6500000000000004
1225,1226,2.643721674333124,2.6500000000000004
1226,1227,2.6461275537744733,2.66
1227,1228,2.648459053218562,2.66
1228,1229,2.6507155450324644,2.66
1229,1230,2.6528964311456007,2.66
1230,1231,2.6550011432887324,2.66
1231,1232,2.6570291432210404,2.66
1232,1233,2.658979922945193,2.66
1233,1234,2.660853004910316,2.66
1234,1235,2.6626479422027862,2.66
1235,1236,2.66436431872477,2.66
1236,1237,2.6660017493604333,2.66
1237,1238,2.6675598801297675,2.66
1238,1239,2.669038388329952,2.66
1239,1240,2.6704369826642127,2.66
1240,1241,2.6717554033581186,2.66
1241,1242,2.672993422263267,2.66
1242,1243,2.6741508429483214,2.66
1243,1244,2.675227500777362,2.66
1244,1245,2.676223262975519,2.66
1245,1246,2.677138028681865,2.66
1246,1247,2.6779717289895384,2.66
1247,1248,2.6787243269730863,2.66
1248,1249,2.6793958177030186,2.66
1249,1250,2.679986228247562,2.66
1250,1251,2.6804956176616166,2.66
1251,1252,2.680924076962917,2.66
1252,1253,2.681271729095412,2.66
1253,1254,2.681538728879869,2.66
1254,1255,2.6817252629517383,2.66
1255,1256,2.6818315496862777,2.66
1256,1257,2.6818578391109993,2.66
1257,1258,2.681804412805437,2.66
1258,1259,2.681671583788314,2.66
1259,1260,2.681459696392116,2.66
1260,1261,2.681169126125156,2.66
1261,1262,2.6808002795211547,2.66
1262,1263,2.680353593976428,2.66
1263,1264,2.679829537574712,2.66
1264,1265,2.67922860889973,2.66
1265,1266,2.6785513368355485,2.66
1266,1267,2.6777982803548195,2.66
1267,1268,2.6769700282949875,2.66
1268,1269,2.6760671991225484,2.66
1269,1270,2.675090440685464,2.66
1270,1271,2.6740404299538127,2.66
1271,1272,2.6729178727488097,2.66
1272,1273,2.6717235034602664,2.66
1273,1274,2.6704580847526413,2.66
1274,1275,2.669122407259771,2.66
1275,1276,2.66771728926842,2.66
1276,1277,2.6662435763907606,2.66
1277,1278,2.66470214122594,2.66
1278,1279,2.663093883010836,2.66
1279,1280,2.6614197272601663,2.66
1280,1281,2.6596806253960885,2.66
1281,1282,2.657877554367435,2.66
1282,1283,2.6560115162587383,2.66
1283,1284,2.6540835378892016,2.66
1284,1285,2.6520946704017807,2.66
1285,1286,2.6500459888425314,2.66
1286,1287,2.647938591730397,2.66
1287,1288,2.6457736006176136,2.66
1288,1289,2.6435521596408926,2.66
1289,1290,2.64127543506358,2.66
1290,1291,2.6389446148089584,2.66
1291,1292,2.636560907984886,2.6500000000000004
1292,1293,2.634125544399972,2.6500000000000004
1293,1294,2.631639774071453,2.6500000000000004
1294,1295,2.6291048667250134,2.6500000000000004
1295,1296,2.6265221112866897,2.6500000000000004
1296,1297,2.6238928153671304,2.6500000000000004
1297,1298,2.6212183047383557,2.6500000000000004
1298,1299,2.6184999228032626,2.6500000000000004
1299,1300,2.6157390300580854,2.6500000000000004
1300,1301,2.612937003548005,2.6500000000000004
1301,1302,2.610095236316151,2.6500000000000004
1302,1303,2.6072151368462,2.6500000000000004
1303,1304,2.6042981284987987,2.6500000000000004
1304,1305,2.6013456489420355,2.6500000000000004
1305,1306,2.5983591495761935,2.6500000000000004
1306,1307,2.5953400949530043,2.6500000000000004
1307,1308,2.5922899621896542,2.6500000000000004
1308,1309,2.589210240377746,2.6500000000000004
1309,1310,2.586102429987491,2.6500000000000004
1310,1311,2.582968042267334,2.6500000000000004
1311,1312,2.57980859863928,2.6500000000000004
1312,1313,2.5766256300901422,2.6500000000000004
1313,1314,2.5734206765589707,2.6500000000000004
1314,1315,2.570195286320896,2.6500000000000004
1315,1316,2.566951015367645,2.6500000000000004
1316,1317,2.5636894267849635,2.6500000000000004
1317,1318,2.5604120901272065,2.6500000000000004
1318,1319,2.557120580789337,2.6500000000000004
1319,1320,2.553816479376597,2.6500000000000004
1320,1321,2.5505013710720825,2.6500000000000004
1321,1322,2.5471768450025003,2.6500000000000004
1322,1323,2.5438444936023377,2.6500000000000004
1323,1324,2.540505911976717,2.6500000000000004
1324,1325,2.537162697263176,2.6500000000000004
1325,1326,2.53381644799264,2.6500000000000004
1326,1327,2.530468763449836,2.6500000000000004
1327,1328,2.5271212430334025,2.6500000000000004
1328,1329,2.5237754856159595,2.6500000000000004
1329,1330,2.5204330889043844,2.6500000000000004
1330,1331,2.517095648800556,2.6500000000000004
1331,1332,2.51376475876282,2.6500000000000004
1332,1333,2.5104420091684405,2.6500000000000004
1333,1334,2.5071289866772646,2.6500000000000004
1334,1335,2.503827273596897,2.6500000000000004
1335,1336,2.5005384472496006,2.6500000000000004
1336,1337,2.4972640793411958,2.6500000000000004
1337,1338,2.4940057353322094,2.6500000000000004
1338,1339,2.4907649738115163,2.6500000000000004
1339,1340,2.487543345872734,2.6500000000000004
1340,1341,2.4843423944936185,2.6500000000000004
1341,1342,2.4811636539186934,2.6500000000000004
1342,1343,2.478008649045392,2.6500000000000004
1343,1344,2.4748788948139206,2.6500000000000004
1344,1345,2.471775895601118,2.6500000000000004
1345,1346,2.4687011446185303,2.6500000000000004
1346,1347,2.4656561233149583,2.6500000000000004
1347,1348,2.4626423007837084,2.6500000000000004
1348,1349,2.4596611331747864,2.6500000000000004
1349,1350,2.4567140631122677,2.6500000000000004
1350,1351,2.4538025191170747,2.6500000000000004
1351,1352,2.4509279150354093,2.6500000000000004
1352,1353,2.4480916494730334,2.6500000000000004
1353,1354,2.4452951052356644,2.6500000000000004
1354,1355,2.442539648775683,2.6500000000000004
1355,1356,2.4398266296453834,2.6500000000000004
1356,1357,2.4371573799569823,2.6500000000000004
1357,1358,2.4345332138496056,2.6500000000000004
1358,1359,2.4319554269634662,2.6500000000000004
1359,1360,2.4294252959214364,2.6500000000000004
1360,1361,2.426944077818232,2.6500000000000004
1361,1362,2.4245130097174066,2.6500000000000004
1362,1363,2.422133308156355,2.6500000000000004
1363,1364,2.4198061686595307,2.6500000000000004
1364,1365,2.4175327652600704,2.6500000000000004
1365,1366,2.4153142500300064,2.6500000000000004
1366,1367,2.4131517526192763,2.6500000000000004
1367,1368,2.4110463798036887,2.6500000000000004
1368,1369,2.4089992150420474,2.6500000000000004
1369,1370,2.4070113180426,2.6500000000000004
1370,1371,2.4050837243389824,2.6500000000000004
1371,1372,2.4032174448758403,2.6500000000000004
1372,1373,2.4014134656042825,2.6500000000000004
1373,1374,2.3996727470873283,2.6500000000000004
1374,1375,2.3979962241155164,2.6500000000000004
1375,1376,2.396384805332822,2.6500000000000004
1376,1377,2.3948393728730277,2.6500000000000004
1377,1378,2.3933607820066958,2.6500000000000004
1378,1379,2.391949860798905,2.6500000000000004
1379,1380,2.3906074097778416,2.6500000000000004
1380,1381,2.3893342016144263,2.6500000000000004
1381,1382,2.388130980813074,2.6500000000000004
1382,1383,2.3869984634137245,2.6500000000000004
1383,1384,2.3859373367052576,2.6500000000000004
1384,1385,2.3849482589504043,2.6500000000000004
1385,1386,2.384031859122277,2.6500000000000004
1386,1387,2.3831887366526074,2.6500000000000004
1387,1388,2.3824194611918066,2.6500000000000004
1388,1389,2.3817245723809317,2.6500000000000004
1389,1390,2.381104579635664,2.6500000000000004
1390,1391,2.3805599619423674,2.6500000000000004
1391,1392,2.380091167666328,2.6500000000000004
1392,1393,2.3796986143722365,2.6500000000000004
1393,1394,2.3793826886569915,2.6500000000000004
1394,1395,2.379143745994892,2.6500000000000004
1395,1396,2.3789821105952704,2.6500000000000004
1396,1397,2.378898075272649,2.6500000000000004
1397,1398,2.3788919013294345,2.6500000000000004
1398,1399,2.37896381845123,2.6500000000000004
1399,1400,2.379114024614788,2.6500000000000004
1400,1401,2.379342686008651,2.6500000000000004
1401,1402,2.3796499369665,2.6500000000000004
1402,1403,2.380035879913256,2.6500000000000004
1403,1404,2.3805005853239316,2.6500000000000004
1404,1405,2.3810440916952755,2.6500000000000004
1405,1406,2.3816664055301966,2.6500000000000004
1406,1407,2.3823675013349948,2.6500000000000004
1407,1408,2.383147321629384,2.6500000000000004
1408,1409,2.384005776969313,2.6500000000000004
1409,1410,2.3849427459825705,2.6500000000000004
1410,1411,2.385958075417161,2.6500000000000004
1411,1412,2.387051580202434,2.6500000000000004
1412,1413,2.38822304352294,2.6500000000000004
1413,1414,2.389472216904979,2.6500000000000004
1414,1415,2.3907988203158244,2.6500000000000004
1415,1416,2.392202542275556,2.6500000000000004
1416,1417,2.393683039981485,2.6500000000000004
1417,1418,2.3952399394450965,2.6500000000000004
1418,1419,2.3968728356414744,2.6500000000000004
1419,1420,2.398581292671135,2.6500000000000004
1420,1421,2.400364843934217,2.6500000000000004
1421,1422,2.402222992316944,2.6500000000000004
1422,1423,2.404155210390297,2.6500000000000004
1423,1424,2.406160940620816,2.6500000000000004
1424,1425,2.40823959559343,2.6500000000000004
1425,1426,2.4103905582462595,2.6500000000000004
1426,1427,2.4126131821172585,2.6500000000000004
1427,1428,2.414906791602629,2.6500000000000004
1428,1429,2.417270682226887,2.6500000000000004
1429,1430,2.419704120924479,2.6500000000000004
1430,1431,2.4222063463328323,2.6500000000000004
1431,1432,2.4247765690967253,2.6500000000000004
1432,1433,2.427413972183854,2.6500000000000004
1433,1434,2.4301177112114742,2.6500000000000004
1434,1435,2.4328869147839725,2.6500000000000004
1435,1436,2.435720684841256,2.6500000000000004
1436,1437,2.438618097017797,2.6500000000000004
1437,1438,2.4415782010122067,2.6500000000000004
1438,1439,2.4446000209671803,2.6500000000000004
1439,1440,2.4476825558596613,2.6500000000000004
1440,1441,2.450824779901079,2.6500000000000004
1441,1442,2.4540256429474896,2.6500000000000004
1442,1443,2.4572840709194543,2.6500000000000004
1443,1444,2.460598966231498,2.6500000000000004
1444,1445,2.4639692082309668,2.6500000000000004
1445,1446,2.4673936536461194,2.6500000000000004
1446,1447,2.470871137043249,2.6500000000000004
1447,1448,2.4744004712926944,2.6500000000000004
1448,1449,2.4779804480435077,2.6500000000000004
1449,1450,2.4816098382066203,2.6500000000000004
1450,1451,2.4852873924463075,2.6500000000000004
1451,1452,2.489011841679744,2.6500000000000004
1452,1453,2.4927818975844627,2.6500000000000004
1453,1454,2.496596253113508,2.6500000000000004
1454,1455,2.500453583018079,2.6500000000000004
1455,1456,2.5043525443774564,2.6500000000000004
1456,1457,2.5082917771359936,2.6500000000000004
1457,1458,2.512269904646964,2.6500000000000004
1458,1459,2.516285534223046,2.6500000000000004
1459,1460,2.5203372576932206,2.6500000000000004
1460,1461,2.524423651965871,2.6500000000000004
1461,1462,2.528543279597835,2.6500000000000004
1462,1463,2.5326946893692166,2.6500000000000004
1463,1464,2.5368764168636977,2.6500000000000004
1464,1465,2.541086985054125,2.6500000000000004
1465,1466,2.545324904893155,2.6500000000000004
1466,1467,2.5495886759086925,2.6500000000000004
1467,1468,2.5538767868039085,2.6500000000000004
1468,1469,2.558187716061584,2.6500000000000004
1469,1470,2.562519932552544,2.6500000000000004
1470,1471,2.5668718961479366,2.6500000000000004
1471,1472,2.5712420583351117,2.6500000000000004
1472,1473,2.575628862836852,2.6500000000000004
1473,1474,2.580030746233708,2.6500000000000004
1474,1475,2.584446138589201,2.6500000000000004
1475,1476,2.5888734640776194,2.6500000000000004
1476,1477,2.5933111416141768,2.6500000000000004
1477,1478,2.59775758548728,2.6500000000000004
1478,1479,2.6022112059926306,2.6500000000000004
1479,1480,2.6066704100689497,2.6500000000000004
1480,1481,2.6111336019350206,2.6500000000000004
1481,1482,2.6155991837278347,2.6500000000000004
1482,1483,2.620065556141566,2.6500000000000004
1483,1484,2.624531119067122,2.6500000000000004
1484,1485,2.6289942722320183,2.6500000000000004
1485,1486,2.6334534158403167,2.6500000000000004
1486,1487,2.637906951212376,2.6500000000000004
1487,1488,2.6423532814241533,2.6500000000000004
1488,1489,2.646790811945807,2.6500000000000004
1489,1490,2.651217951279336,2.66
1490,1491,2.6556331115950176,2.66
1491,1492,2.6600347093663657,2.66
1492,1493,2.6644211660033754,2.66
1493,1494,2.6687909084837957,2.66
1494,1495,2.6731423699821644,2.66
1495,1496,2.677473990496382,2.66
1496,1497,2.681784217471538,2.66
1497,1498,2.6860715064207734,2.66
1498,1499,2.6903343215429056,2.66
1499,1500,2.69457113633659,2.66
1500,1501,2.6987804342107493,2.66
1501,1502,2.702960709091053,2.66
1502,1503,2.7071104660221814,2.66
1503,1504,2.711228221765644,2.66
1504,1505,2.7153125053929106,2.66
1505,1506,2.7193618588736275,2.66
1506,1507,2.7233748376586635,2.66
1507,1508,2.7273500112577684,2.66
1508,1509,2.7312859638116094,2.66
1509,1510,2.735181294657957,2.66
1510,1511,2.73903461889179,2.66
1511,1512,2.7428445679190934,2.66
1512,1513,2.746609790004144,2.66
1513,1514,2.750328950810048,2.66
1514,1515,2.7540007339323105,2.66
1515,1516,2.7576238414252465,2.66
1516,1517,2.7611969943210046,2.66
1517,1518,2.764718933140993,2.66
1518,1519,2.768188418399521,2.66
1519,1520,2.7716042310994333,2.66
1520,1521,2.774965173219561,2.66
1521,1522,2.7782700681937733,2.66
1522,1523,2.7815177613814535,2.66
1523,1524,2.784707120529198,2.66
1524,1525,2.7878370362235745,2.66
1525,1526,2.790906422334728,2.66
1526,1527,2.7939142164506885,2.66
1527,1528,2.7968593803021844,2.66
1528,1529,2.799740900177799,2.66
1529,1530,2.802557787329309,2.66
1530,1531,2.8053090783670376,2.66
1531,1532,2.80799383564506,2.66
1532,1533,2.8106111476361155,2.66
1533,1534,2.8131601292960755,2.66
1534,1535,2.8156399224178146,2.66
1535,1536,2.818049695974349,2.66
1536,1537,2.8203886464511023,2.66
1537,1538,2.8226559981671677,2.66
1538,1539,2.8248510035854433,2.66
1539,1540,2.8269729436114983,2.66
1540,1541,2.8290211278810773,2.66
1541,1542,2.830994895036096,2.66
1542,1543,2.832893612989053,2.66
1543,1544,2.834716679175723,2.66
1544,1545,2.836463520796044,2.66
1545,1546,2.838133595043099,2.66
1546,1547,2.839726389320105,2.66
1547,1548,2.841241421445312,2.66
1548,1549,2.842678239844741,2.66
1549,1550,2.844036423732683,2.66
1550,1551,2.8453155832798744,2.66
1551,1552,2.8465153597692967,2.66
1552,1553,2.8476354257395315,2.66
1553,1554,2.8486754851156157,2.66
1554,1555,2.8496352733273325,2.66
1555,1556,2.8505145574149195,2.66
1556,1557,2.8513131361221182,2.66
1557,1558,2.852030839976543,2.66
1558,1559,2.8526675313573517,2.66
1559,1560,2.8532231045501564,2.66
1560,1561,2.8536974857891937,2.66
1561,1562,2.854090633286693,2.66
1562,1563,2.8544025372494763,2.66
1563,1564,2.854633219882745,2.66
1564,1565,2.8547827353810784,2.66
1565,1566,2.8548511699066297,2.66
1566,1567,2.8548386415545384,2.66
1567,1568,2.8547453003055754,2.66
1568,1569,2.8545713279660254,2.66
1569,1570,2.854316938094846,2.66
1570,1571,2.8539823759181258,2.66
1571,1572,2.8535679182308726,2.66
1572,1573,2.8530738732861822,2.66
1573,1574,2.8525005806718133,2.66
1574,1575,2.8518484111742453,2.66
1575,1576,2.85111776663024,2.66
1576,1577,2.8503090797659927,2.66
1577,1578,2.8494228140239346,2.66
1578,1579,2.848459463377235,2.66
1579,1580,2.8474195521321013,2.66
1580,1581,2.8463036347179482,2.66
1581,1582,2.8451122954655066,2.66
1582,1583,2.8438461483729904,2.66
1583,1584,2.8425058368603815,2.66
1584,1585,2.8410920335119516,2.66
1585,1586,2.839605439807125,2.66
1586,1587,2.8380467858397767,2.66
1587,1588,2.836416830026084,2.66
1588,1589,2.83471635880106,2.66
1589,1590,2.832946186303872,2.66
1590,1591,2.8311071540520754,2.66
1591,1592,2.82920013060491,2.66
1592,1593,2.8272260112157714,2.66
1593,1594,2.825185717474,2.66
1594,1595,2.8230801969361528,2.66
1595,1596,2.820910422746868,2.66
1596,1597,2.8186773932495197,2.66
1597,1598,2.8163821315867636,2.66
1598,1599,2.814025685291199,2.66
1599,1600,2.811609125866241,2.66
1600,1601,2.8091335483574262,2.66
1601,1602,2.806600070914302,2.66
1602,1603,2.8040098343430597,2.66
1603,1604,2.801364001650124,2.66
1604,1605,2.7986637575768505,2.66
1605,1606,2.7959103081255336,2.66
1606,1607,2.7931048800769105,2.66
1607,1608,2.790248720499359,2.66
1608,1609,2.7873430962499723,2.66
1609,1610,2.7843892934677217,2.66
1610,1611,2.781388617058916,2.66
1611,1612,2.778342390175137,2.66
1612,1613,2.7752519536838998,2.66
1613,1614,2.772118665632199,2.66
1614,1615,2.768943900703217,2.66
1615,1616,2.765729049666352,2.66
1616,1617,2.7624755188208168,2.66
1617,1618,2.759184729433042,2.66
1618,1619,2.755858117168069,2.66
1619,1620,2.7524971315152085,2.66
1620,1621,2.749103235208147,2.66
1621,1622,2.7456779036397765,2.66
1622,1623,2.7422226242719403,2.66
1623,1624,2.7387388960403727,2.66
1624,1625,2.735228228755036,2.66
1625,1626,2.7316921424961054,2.66
1626,1627,2.7281321670058665,2.66
1627,1628,2.7245498410767195,2.66
1628,1629,2.7209467119355923,2.66
1629,1630,2.717324334624954,2.66
1630,1631,2.7136842713807265,2.66
1631,1632,2.7100280910073007,2.66
1632,1633,2.706357368249939,2.66
1633,1634,2.7026736831647904,2.66
1634,1635,2.6989786204867867,2.66
1635,1636,2.6952737689956776,2.66
1636,1637,2.691560720880424,2.66
1637,1638,2.687841071102256,2.66
1638,1639,2.6841164167565994,2.66
1639,1640,2.680388356434164,2.66
1640,1641,2.6766584895814303,2.66
1641,1642,2.6729284158607807,2.66
1642,1643,2.6691997345105727,2.66
1643,1644,2.665474043705353,2.66
1644,1645,2.6617529399165187,2.66
1645,1646,2.6580380172736437,2.66
1646,1647,2.6543308669267582,2.66
1647,1648,2.650633076409802,2.66
1648,1649,2.646946229005548,2.66
1649,1650,2.643271903112202,2.66
1650,1651,2.6396116716119677,2.66
1651,1652,2.6359671012418278,2.6500000000000004
1652,1653,2.6323397519667613,2.6500000000000004
1653,1654,2.628731176355694,2.6500000000000004
1654,1655,2.625142918960388,2.6500000000000004
1655,1656,2.6215765156975483,2.6500000000000004
1656,1657,2.6180334932343827,2.6500000000000004
1657,1658,2.6145153683778606,2.6500000000000004
1658,1659,2.6110236474679183,2.6500000000000004
1659,1660,2.607559825774838,2.6500000000000004
1660,1661,2.604125386901084,2.6500000000000004
1661,1662,2.600721802187771,2.6500000000000004
1662,1663,2.5973505301260666,2.6500000000000004
1663,1664,2.5940130157737133,2.6500000000000004
1664,1665,2.590710690176936,2.6500000000000004
1665,1666,2.587444969797952,2.6500000000000004
1666,1667,2.584217255948306,2.6500000000000004
1667,1668,2.5810289342282835,2.6500000000000004
1668,1669,2.5778813739725868,2.6500000000000004
1669,1670,2.5747759277025404,2.6500000000000004
1670,1671,2.571713930584995,2.6500000000000004
1671,1672,2.5686966998982057,2.6500000000000004
1672,1673,2.5657255345048315,2.6500000000000004
1673,1674,2.5628017143323327,2.6500000000000004
1674,1675,2.559926499860916,2.6500000000000004
1675,1676,2.5571011316192784,2.6500000000000004
1676,1677,2.554326829688319,2.6500000000000004
1677,1678,2.5516047932130363,2.6500000000000004
1678,1679,2.548936199922798,2.6500000000000004
1679,1680,2.5463222056601773,2.6500000000000004
1680,1681,2.543763943918545,2.6500000000000004
1681,1682,2.5412625253885968,2.6500000000000004
1682,1683,2.5388190375140103,2.6500000000000004
1683,1684,2.5364345440563936,2.6500000000000004
1684,1685,2.5341100846697024,2.6500000000000004
1685,1686,2.5318466744843184,2.6500000000000004
1686,1687,2.5296453037009154,2.6500000000000004
1687,1688,2.527506937194313,2.6500000000000004
1688,1689,2.5254325141274525,2.6500000000000004
1689,1690,2.5234229475756567,2.6500000000000004
1690,1691,2.521479124161337,2.6500000000000004
1691,1692,2.5196019036992574,2.6500000000000004
1692,1693,2.5177921188525554,2.6500000000000004
1693,1694,2.516050574799588,2.6500000000000004
1694,1695,2.5143780489117984,2.6500000000000004
1695,1696,2.512775290442689,2.6500000000000004
1696,1697,2.5112430202280542,2.6500000000000004
1697,1698,2.5097819303975686,2.6500000000000004
1698,1699,2.508392684097863,2.6500000000000004
1699,1700,2.5070759152271984,2.6500000000000004
1700,1701,2.5058322281818257,2.6500000000000004
1701,1702,2.5046621976141648,2.6500000000000004
1702,1703,2.5035663682028613,2.6500000000000004
1703,1704,2.5025452544348497,2.6500000000000004
1704,1705,2.501599340399481,2.6500000000000004
1705,1706,2.5007290795948176,2.6500000000000004
1706,1707,2.4999348947461595,2.6500000000000004
1707,1708,2.499217177636879,2.6500000000000004
1708,1709,2.4985762889516385,2.6500000000000004
1709,1710,2.49801255813204,2.6500000000000004
1710,1711,2.4975262832447767,2.6500000000000004
1711,1712,2.4971177308623345,2.6500000000000004
1712,1713,2.4967871359562843,2.6500000000000004
1713,1714,2.4965347018032245,2.6500000000000004
1714,1715,2.496360599903395,2.6500000000000004
1715,1716,2.4962649699120045,2.6500000000000004
1716,1717,2.496247919583292,2.6500000000000004
1717,1718,2.4963095247273515,2.6500000000000004
1718,1719,2.496449829179737,2.6500000000000004
1719,1720,2.4966688447838523,2.6500000000000004
1720,1721,2.4969665513861345,2.6500000000000004
1721,1722,2.4973428968440503,2.6500000000000004
1722,1723,2.497797797046871,2.6500000000000004
1723,1724,2.4983311359492437,2.6500000000000004
1724,1725,2.4989427656175365,2.6500000000000004
1725,1726,2.499632506288937,2.6500000000000004
1726,1727,2.500400146443281,2.6500000000000004
1727,1728,2.5012454428875843,2.6500000000000004
1728,1729,2.502168120853248,2.6500000000000004
1729,1730,2.5031678741058903,2.6500000000000004
1730,1731,2.5042443650677613,2.6500000000000004
1731,1732,2.505397224952701,2.6500000000000004
1732,1733,2.5066260539135814,2.6500000000000004
1733,1734,2.5079304212021625,2.6500000000000004
1734,1735,2.5093098653413235,2.6500000000000004
1735,1736,2.51076389430957,2.6500000000000004
1736,1737,2.5122919857377757,2.6500000000000004
1737,1738,2.513893587118046,2.6500000000000004
1738,1739,2.5155681160246486,2.6500000000000004
1739,1740,2.5173149603469094,2.6500000000000004
1740,1741,2.5191334785339743,2.6500000000000004
1741,1742,2.5210229998513625,2.6500000000000004
1742,1743,2.5229828246491754,2.6500000000000004
1743,1744,2.525012224641886,2.6500000000000004
1744,1745,2.527110443199571,2.6500000000000004
1745,1746,2.5292766956504926,2.6500000000000004
1746,1747,2.5315101695948856,2.6500000000000004
1747,1748,2.533810025229845,2.6500000000000004
1748,1749,2.536175395685165,2.6500000000000004
1749,1750,2.5386053873700143,2.6500000000000004
1750,1751,2.541099080330296,2.6500000000000004
1751,1752,2.5436555286165485,2.6500000000000004
1752,1753,2.546273760662256,2.6500000000000004
1753,1754,2.5489527796723888,2.6500000000000004
1754,1755,2.551691564022052,2.6500000000000004
1755,1756,2.5544890676650547,2.6500000000000004
1756,1757,2.5573442205522503,2.6500000000000004
1757,1758,2.5602559290594895,2.6500000000000004
1758,1759,2.563223076424975,2.6500000000000004
1759,1760,2.5662445231959095,2.6500000000000004
1760,1761,2.5693191076841817,2.6500000000000004
1761,1762,2.572445646430981,2.6500000000000004
1762,1763,2.5756229346800907,2.6500000000000004
1763,1764,2.578849746859726,2.6500000000000004
1764,1765,2.5821248370726733,2.6500000000000004
1765,1766,2.585446939594581,2.6500000000000004
1766,1767,2.588814769380176,2.6500000000000004
1767,1768,2.592227022577191,2.6500000000000004
1768,1769,2.5956823770478468,2.6500000000000004
1769,1770,2.5991794928976155,2.6500000000000004
1770,1771,2.602717013011116,2.6500000000000004
1771,1772,2.606293563594869,2.6500000000000004
1772,1773,2.6099077547267533,2.6500000000000004
1773,1774,2.613558180911888,2.6500000000000004
1774,1775,2.6172434216447593,2.6500000000000004
1775,1776,2.6209620419773456,2.6500000000000004
1776,1777,2.6247125930930237,2.6500000000000004
1777,1778,2.6284936128860164,2.6500000000000004
1778,1779,2.63230362654616,2.6500000000000004
1779,1780,2.6361411471487592,2.6500000000000004
1780,1781,2.6400046762492724,2.6500000000000004
1781,1782,2.6438927044826195,2.6500000000000004
1782,1783,2.647803712166859,2.6500000000000004
1783,1784,2.6517361699109743,2.66
1784,1785,2.6556885392265674,2.66
1785,1786,2.6596592731431707,2.66
1786,1787,2.663646816826972,2.66
1787,1788,2.667649608202661,2.66
1788,1789,2.6716660785782014,2.66
1789,1790,2.6756946532722194,2.66
1790,1791,2.6797337522438145,2.66
1791,1792,2.6837817907245007,2.66
1792,1793,2.687837179852035,2.66
1793,1794,2.6918983273059034,2.66
1794,1795,2.69596363794416,2.66
1795,1796,2.7000315144414304,2.66
1796,1797,2.704100357927754,2.66
1797,1798,2.7081685686280768,2.66
1798,1799,2.7122345465020765,2.66
1799,1800,2.7162966918841165,2.66
1800,1801,2.7203534061230434,2.66
1801,1802,2.7244030922215687,2.66
1802,1803,2.7284441554750143,2.66
1803,1804,2.7324750041091037,2.66
1804,1805,2.736494049916625,2.66
1805,1806,2.7404997088926337,2.66
1806,1807,2.744490401867984,2.66
1807,1808,2.748464555140941,2.66
1808,1809,2.752420601106583,2.66
1809,1810,2.7563569788837845,2.66
1810,1811,2.7602721349394943,2.66
1811,1812,2.764164523710094,2.66
1812,1813,2.7680326082195483,2.66
1813,1814,2.7718748606941364,2.66
1814,1815,2.7756897631734936,2.66
1815,1816,2.779475808117732,2.66
1816,1817,2.7832314990103977,2.66
1817,1818,2.7869553509570046,2.66
1818,1819,2.79064589127894,2.66
1819,1820,2.794301660102468,2.66
1820,1821,2.7979212109426186,2.66
1821,1822,2.80150311128172,2.66
1822,1823,2.8050459431423485,2.66
1823,1824,2.8085483036544545,2.66
1824,1825,2.8120088056164514,2.66
1825,1826,2.815426078050045,2.66
1826,1827,2.8187987667485563,2.66
1827,1828,2.8221255348185514,2.66
1828,1829,2.82540506321454,2.66
1829,1830,2.8286360512665394,2.66
1830,1831,2.8318172172002822,2.66
1831,1832,2.834947298649874,2.66
1832,1833,2.8380250531626814,2.66
1833,1834,2.8410492586962643,2.66
1834,1835,2.844018714107132,2.66
1835,1836,2.8469322396311494,2.66
1836,1837,2.8497886773553955,2.66
1837,1838,2.852586891681268,2.66
1838,1839,2.8553257697786787,2.66
1839,1840,2.8580042220311297,2.66
1840,1841,2.860621182471512,2.66
1841,1842,2.8631756092084433,2.66
1842,1843,2.8656664848429734,2.66
1843,1844,2.8680928168755018,2.66
1844,1845,2.8704536381027186,2.66
1845,1846,2.872748007004453,2.66
1846,1847,2.8749750081202223,2.66
1847,1848,2.8771337524153795,2.66
1848,1849,2.879223377636678,2.66
1849,1850,2.881243048657129,2.66
1850,1851,2.8831919578100123,2.66
1851,1852,2.885069325211893,2.66
1852,1853,2.886874399074544,2.66
1853,1854,2.888606456005607,2.66
1854,1855,2.8902648012979166,2.66
1855,1856,2.8918487692073453,2.66
1856,1857,2.8933577232190526,2.66
1857,1858,2.8947910563020627,2.66
1858,1859,2.8961481911520317,2.66
1859,1860,2.8974285804221362,2.66
1860,1861,2.8986317069419725,2.66
1861,1862,2.899757083924394,2.66
1862,1863,2.9008042551601863,2.66
1863,1864,2.9017727952005177,2.66
1864,1865,2.9026623095270887,2.66
1865,1866,2.9034724347099017,2.66
1866,1867,2.904202838552605,2.66
1867,1868,2.9048532202253363,2.66
1868,1869,2.90542331038503,2.66
1869,1870,2.905912871283118,2.66
1870,1871,2.906321696860605,2.66
1871,1872,2.9066496128304613,2.66
1872,1873,2.9068964767473107,2.66
1873,1874,2.907062178064384,2.66
1874,1875,2.907146638177707,2.66
1875,1876,2.9071498104575224,2.66
1876,1877,2.9070716802669136,2.66
1877,1878,2.9069122649676378,2.66
1878,1879,2.9066716139131548,2.66
1879,1880,2.9063498084288693,2.66
1880,1881,2.905946961779573,2.66
1881,1882,2.9054632191241225,2.66
1882,1883,2.9048987574573553,2.66
1883,1884,2.904253785539267,2.66
1884,1885,2.9035285438115,2.66
1885,1886,2.9027233043011367,2.66
1886,1887,2.9018383705118835,2.66
1887,1888,2.90087407730264,2.66
1888,1889,2.8998307907535534,2.66
1889,1890,2.898708908019564,2.66
1890,1891,2.8975088571715286,2.66
1891,1892,2.8962310970249834,2.66
1892,1893,2.894876116956602,2.66
1893,1894,2.8934444367084335,2.66
1894,1895,2.89193660618,2.66
1895,1896,2.8903532052083114,2.66
1896,1897,2.888694843335942,2.66
1897,1898,2.8869621595671875,2.66
1898,1899,2.8851558221124636,2.66
1899,1900,2.883276528121013,2.66
1900,1901,2.8813250034020377,2.66
1901,1902,2.8793020021343687,2.66
1902,1903,2.877208306564792,2.66
1903,1904,2.8750447266951435,2.66
1904,1905,2.8728120999583044,2.66
1905,1906,2.870511290883225,2.66
1906,1907,2.8681431907491137,2.66
1907,1908,2.8657087172289133,2.66
1908,1909,2.8632088140222463,2.66
1909,1910,2.86064445047792,2.66
1910,1911,2.858016621206198,2.66
1911,1912,2.8553263456809486,2.66
1912,1913,2.8525746678318624,2.66
1913,1914,2.84976265562688,2.66
1914,1915,2.846891400645009,2.66
1915,1916,2.843962017639696,2.66
1916,1917,2.8409756440929264,2.66
1917,1918,2.8379334397602416,2.66
1918,1919,2.8348365862068343,2.66
1919,1920,2.831686286334939,2.66
1920,1921,2.828483763902666,2.66
1921,1922,2.8252302630345167,2.66
1922,1923,2.821927047723732,2.66
1923,1924,2.8185754013267097,2.66
1924,1925,2.8151766260496696,2.66
1925,1926,2.8117320424277747,2.66
1926,1927,2.80824298879694,2.66
1927,1928,2.8047108207584928,2.66
1928,1929,2.8011369106369592,2.66
1929,1930,2.797522646931132,2.66
1930,1931,2.7938694337586947,2.66
1931,1932,2.7901786902945824,2.66
1932,1933,2.786451850203321,2.66
1933,1934,2.782690361065588,2.66
1934,1935,2.7788956837991767,2.66
1935,1936,2.775069292074663,2.66
1936,1937,2.771212671725936,2.66
1937,1938,2.7673273201558937,2.66
1938,1939,2.7634147457374882,2.66
1939,1940,2.759476467210398,2.66
1940,1941,2.7555140130735563,2.66
1941,1942,2.751528920973748,2.66
1942,1943,2.7475227370905966,2.66
1943,1944,2.7434970155180918,2.66
1944,1945,2.739453317642976,2.66
1945,1946,2.735393211520212,2.66
1946,1947,2.73131827124578,2.66
1947,1948,2.7272300763270554,2.66
1948,1949,2.723130211051033,2.66
1949,1950,2.719020263850632,2.66
1950,1951,2.714901826669334,2.66
1951,1952,2.710776494324449,2.66
1952,1953,2.706645863869185,2.66
1953,1954,2.7025115339538743,2.66
1954,1955,2.698375104186514,2.66
1955,1956,2.694238174492964,2.66
1956,1957,2.690102344476992,2.66
1957,1958,2.6859692127804498,2.66
1958,1959,2.6818403764438594,2.66
1959,1960,2.6777174302676,2.66
1960,1961,2.67360196617403,2.66
1961,1962,2.669495572570729,2.66
1962,1963,2.665399833715175,2.66
1963,1964,2.6613163290810524,2.66
1964,1965,2.6572466327265007,2.66
1965,1966,2.6531923126645123,2.66
1966,1967,2.6491549302357487,2.66
1967,1968,2.645136039484044,2.66
1968,1969,2.6411371865347983,2.66
1969,1970,2.6371599089765696,2.66
1970,1971,2.6332057352460567,2.6500000000000004
1971,1972,2.629276184016756,2.6500000000000004
1972,1973,2.6253727635915154,2.6500000000000004
1973,1974,2.6214969712992486,2.6500000000000004
1974,1975,2.6176502928960272,2.6500000000000004
1975,1976,2.6138342019708016,2.6500000000000004
1976,1977,2.610050159356009,2.6500000000000004
1977,1978,2.6062996125432503,2.6500000000000004
1978,1979,2.6025839951043377,2.6500000000000004
1979,1980,2.598904726117884,2.6500000000000004
1980,1981,2.5952632096017085,2.6500000000000004
1981,1982,2.5916608339512583,2.6500000000000004
1982,1983,2.5880989713842686,2.6500000000000004
1983,1984,2.5845789773919217,2.6500000000000004
1984,1985,2.5811021901966678,2.6500000000000004
1985,1986,2.5776699302169703,2.6500000000000004
1986,1987,2.5742834995391672,2.6500000000000004
1987,1988,2.57094418139667,2.6500000000000004
1988,1989,2.567653239656692,2.6500000000000004
1989,1990,2.564411918314739,2.6500000000000004
